code,description_short,description_long,is_billable,status,valid_from
1,Deductible Amount,Deductible Amount,,active,1995-01-01T00:00:00Z
10,The diagnosis is inconsistent with the patient's gender,"The diagnosis is inconsistent with the patient's gender. Usage: Refer to the 835 Healthcare Policy Identification Segment (loop 2110 Service Payment Information REF), if present.",,active,1995-01-01T00:00:00Z
100,Payment made to patient/insured/responsible party,Payment made to patient/insured/responsible party.,,active,1995-01-01T00:00:00Z
101,Predetermination: anticipated payment upon completion of services or claim adjudication,Predetermination: anticipated payment upon completion of services or claim adjudication.,,active,1995-01-01T00:00:00Z
102,Major Medical Adjustment,Major Medical Adjustment.,,active,1995-01-01T00:00:00Z
103,Provider promotional discount (e,"Provider promotional discount (e.g., Senior citizen discount).",,active,1995-01-01T00:00:00Z
104,Managed care withholding,Managed care withholding.,,active,1995-01-01T00:00:00Z
105,Tax withholding,Tax withholding.,,active,1995-01-01T00:00:00Z
106,Patient payment option/election not in effect,Patient payment option/election not in effect.,,active,1995-01-01T00:00:00Z
107,The related or qualifying claim/service was not identified on this claim,"The related or qualifying claim/service was not identified on this claim. Usage: Refer to the 835 Healthcare Policy Identification Segment (loop 2110 Service Payment Information REF), if present.",,active,1995-01-01T00:00:00Z
108,Rent/purchase guidelines were not met,"Rent/purchase guidelines were not met. Usage: Refer to the 835 Healthcare Policy Identification Segment (loop 2110 Service Payment Information REF), if present.",,active,1995-01-01T00:00:00Z
109,Claim/service not covered by this payer/contractor,Claim/service not covered by this payer/contractor. You must send the claim/service to the correct payer/contractor.,,active,1995-01-01T00:00:00Z
11,The diagnosis is inconsistent with the procedure,"The diagnosis is inconsistent with the procedure. Usage: Refer to the 835 Healthcare Policy Identification Segment (loop 2110 Service Payment Information REF), if present.",,active,1995-01-01T00:00:00Z
110,Billing date predates service date,Billing date predates service date.,,active,1995-01-01T00:00:00Z
111,Not covered unless the provider accepts assignment,Not covered unless the provider accepts assignment.,,active,1995-01-01T00:00:00Z
112,Service not furnished directly to the patient and/or not documented,Service not furnished directly to the patient and/or not documented.,,active,1995-01-01T00:00:00Z
113,Payment denied because service/procedure was provided outside the United States or as a result of war,Payment denied because service/procedure was provided outside the United States or as a result of war.,,active,1995-01-01T00:00:00Z
114,Procedure/product not approved by the Food and Drug Administration,Procedure/product not approved by the Food and Drug Administration.,,active,1995-01-01T00:00:00Z
115,"Procedure postponed, canceled, or delayed","Procedure postponed, canceled, or delayed.",,active,1995-01-01T00:00:00Z
116,The advance indemnification notice signed by the patient did not comply with requirements,The advance indemnification notice signed by the patient did not comply with requirements.,,active,1995-01-01T00:00:00Z
117,Transportation is only covered to the closest facility that can provide the necessary care,Transportation is only covered to the closest facility that can provide the necessary care.,,active,1995-01-01T00:00:00Z
118,ESRD network support adjustment,ESRD network support adjustment.,,active,1995-01-01T00:00:00Z
119,Benefit maximum for this time period or occurrence has been reached,Benefit maximum for this time period or occurrence has been reached.,,active,1995-01-01T00:00:00Z
12,The diagnosis is inconsistent with the provider type,"The diagnosis is inconsistent with the provider type. Usage: Refer to the 835 Healthcare Policy Identification Segment (loop 2110 Service Payment Information REF), if present.",,active,1995-01-01T00:00:00Z
120,Patient is covered by a managed care plan,Patient is covered by a managed care plan.,,active,1995-01-01T00:00:00Z
121,Indemnification adjustment - compensation for outstanding member responsibility,Indemnification adjustment - compensation for outstanding member responsibility.,,active,1995-01-01T00:00:00Z
122,Psychiatric reduction,Psychiatric reduction.,,active,1995-01-01T00:00:00Z
123,Payer refund due to overpayment,Payer refund due to overpayment.,,active,1995-01-01T00:00:00Z
124,Payer refund amount - not our patient,Payer refund amount - not our patient.,,active,1995-01-01T00:00:00Z
125,Submission/billing error(s),"Submission/billing error(s). At least one Remark Code must be provided (may be comprised of either the NCPDP Reject Reason Code, or Remittance Advice Remark Code that is not an ALERT.)",,deprecated,1995-01-01T00:00:00Z
126,Deductible -- Major Medical,Deductible -- Major Medical,,active,1997-02-28T00:00:00Z
127,Coinsurance -- Major Medical,Coinsurance -- Major Medical,,active,1997-02-28T00:00:00Z
128,Newborn's services are covered in the mother's Allowance,Newborn's services are covered in the mother's Allowance.,,active,1997-02-28T00:00:00Z
129,Prior processing information appears incorrect,"Prior processing information appears incorrect. At least one Remark Code must be provided (may be comprised of either the NCPDP Reject Reason Code, or Remittance Advice Remark Code that is not an ALERT.)",,active,1997-02-28T00:00:00Z
13,The date of death precedes the date of service,The date of death precedes the date of service.,,active,1995-01-01T00:00:00Z
130,Claim submission fee,Claim submission fee.,,active,1997-02-28T00:00:00Z
131,Claim specific negotiated discount,Claim specific negotiated discount.,,active,1997-02-28T00:00:00Z
132,Prearranged demonstration project adjustment,Prearranged demonstration project adjustment.,,active,1997-02-28T00:00:00Z
133,The disposition of this service line is pending further review,The disposition of this service line is pending further review. (Use only with Group Code OA). Usage: Use of this code requires a reversal and correction when the service line is finalized (use only in Loop 2110 CAS segment of the 835 or Loop 2430 of the 837).,,active,2014-07-01T00:00:00Z
134,Technical fees removed from charges,Technical fees removed from charges.,,active,1998-10-31T00:00:00Z
135,Interim bills cannot be processed,Interim bills cannot be processed.,,active,1998-10-31T00:00:00Z
136,Failure to follow prior payer's coverage rules,Failure to follow prior payer's coverage rules. (Use only with Group Code OA),,active,1998-10-31T00:00:00Z
137,"Regulatory Surcharges, Assessments, Allowances or Health Related Taxes","Regulatory Surcharges, Assessments, Allowances or Health Related Taxes.",,active,1999-02-28T00:00:00Z
138,Appeal procedures not followed or time limits not met,Appeal procedures not followed or time limits not met.,,deprecated,1999-06-30T00:00:00Z
139,Contracted funding agreement - Subscriber is employed by the provider of services,Contracted funding agreement - Subscriber is employed by the provider of services. Use only with Group Code CO.,,active,1999-06-30T00:00:00Z
14,The date of birth follows the date of service,The date of birth follows the date of service.,,active,1995-01-01T00:00:00Z
140,Patient/Insured health identification number and name do not match,Patient/Insured health identification number and name do not match.,,active,1999-06-30T00:00:00Z
141,Claim spans eligible and ineligible periods of coverage,Claim spans eligible and ineligible periods of coverage.,,deprecated,1999-06-30T00:00:00Z
142,Monthly Medicaid patient liability amount,Monthly Medicaid patient liability amount.,,active,2000-06-30T00:00:00Z
143,Portion of payment deferred,Portion of payment deferred.,,active,2001-02-28T00:00:00Z
144,"Incentive adjustment, e","Incentive adjustment, e.g. preferred product/service.",,active,2001-06-30T00:00:00Z
145,Premium payment withholding,Premium payment withholding,,active,2002-06-30T00:00:00Z
146,Diagnosis was invalid for the date(s) of service reported,Diagnosis was invalid for the date(s) of service reported.,,active,2002-06-30T00:00:00Z
147,Provider contracted/negotiated rate expired or not on file,Provider contracted/negotiated rate expired or not on file.,,active,2002-06-30T00:00:00Z
148,Information from another provider was not provided or was insufficient/incomplete,"Information from another provider was not provided or was insufficient/incomplete. At least one Remark Code must be provided (may be comprised of either the NCPDP Reject Reason Code, or Remittance Advice Remark Code that is not an ALERT.)",,active,2002-06-30T00:00:00Z
149,Lifetime benefit maximum has been reached for this service/benefit category,Lifetime benefit maximum has been reached for this service/benefit category.,,active,2002-10-31T00:00:00Z
15,"The authorization number is missing, invalid, or does not apply to the billed services or provider","The authorization number is missing, invalid, or does not apply to the billed services or provider.",,deprecated,1995-01-01T00:00:00Z
150,Payer deems the information submitted does not support this level of service,Payer deems the information submitted does not support this level of service.,,active,2002-10-31T00:00:00Z
151,Payment adjusted because the payer deems the information submitted does not support this many/frequency of services,Payment adjusted because the payer deems the information submitted does not support this many/frequency of services.,,active,2002-10-31T00:00:00Z
152,Payer deems the information submitted does not support this length of service,"Payer deems the information submitted does not support this length of service. Usage: Refer to the 835 Healthcare Policy Identification Segment (loop 2110 Service Payment Information REF), if present.",,active,2002-10-31T00:00:00Z
153,Payer deems the information submitted does not support this dosage,Payer deems the information submitted does not support this dosage.,,active,2002-10-31T00:00:00Z
154,Payer deems the information submitted does not support this day's supply,Payer deems the information submitted does not support this day's supply.,,active,2002-10-31T00:00:00Z
155,Patient refused the service/procedure,Patient refused the service/procedure.,,active,2003-06-30T00:00:00Z
156,Flexible spending account payments,Flexible spending account payments. Note: Use code 187.,,deprecated,2003-09-30T00:00:00Z
157,Service/procedure was provided as a result of an act of war,Service/procedure was provided as a result of an act of war.,,active,2003-09-30T00:00:00Z
158,Service/procedure was provided outside of the United States,Service/procedure was provided outside of the United States.,,active,2003-09-30T00:00:00Z
159,Service/procedure was provided as a result of terrorism,Service/procedure was provided as a result of terrorism.,,active,2003-09-30T00:00:00Z
16,Claim/service lacks information or has submission/billing error(s),"Claim/service lacks information or has submission/billing error(s). Usage: Do not use this code for claims attachment(s)/other documentation. At least one Remark Code must be provided (may be comprised of either the NCPDP Reject Reason Code, or Remittance Advice Remark Code that is not an ALERT.) Refer to the 835 Healthcare Policy Identification Segment (loop 2110 Service Payment Information REF), if present.",,active,1995-01-01T00:00:00Z
160,Injury/illness was the result of an activity that is a benefit exclusion,Injury/illness was the result of an activity that is a benefit exclusion.,,active,2003-09-30T00:00:00Z
161,Provider performance bonus,Provider performance bonus,,active,2004-02-29T00:00:00Z
162,"State-mandated Requirement for Property and Casualty, see Claim Payment Remarks Code for specific explanation","State-mandated Requirement for Property and Casualty, see Claim Payment Remarks Code for specific explanation.",,active,2004-02-29T00:00:00Z
163,Attachment/other documentation referenced on the claim was not received,Attachment/other documentation referenced on the claim was not received.,,active,2004-06-30T00:00:00Z
164,Attachment/other documentation referenced on the claim was not received in a timely fashion,Attachment/other documentation referenced on the claim was not received in a timely fashion.,,active,2004-06-30T00:00:00Z
165,Referral absent or exceeded,Referral absent or exceeded.,,deprecated,2004-10-31T00:00:00Z
166,These services were submitted after this payers responsibility for processing claims under this plan ended,These services were submitted after this payers responsibility for processing claims under this plan ended.,,active,2005-02-28T00:00:00Z
167,This (these) diagnosis(es) is (are) not covered,"This (these) diagnosis(es) is (are) not covered. Usage: Refer to the 835 Healthcare Policy Identification Segment (loop 2110 Service Payment Information REF), if present.",,active,2005-06-30T00:00:00Z
168,Service(s) have been considered under the patient's medical plan,Service(s) have been considered under the patient's medical plan. Benefits are not available under this dental plan.,,deprecated,2005-06-30T00:00:00Z
169,Alternate benefit has been provided,Alternate benefit has been provided.,,active,2005-06-30T00:00:00Z
17,Requested information was not provided or was insufficient/incomplete,Requested information was not provided or was insufficient/incomplete. At least one Remark Code must be provided (may be comprised of either the Remittance Advice Remark Code or NCPDP Reject Reason Code.),,deprecated,1995-01-01T00:00:00Z
170,Payment is denied when performed/billed by this type of provider,"Payment is denied when performed/billed by this type of provider. Usage: Refer to the 835 Healthcare Policy Identification Segment (loop 2110 Service Payment Information REF), if present.",,active,2005-06-30T00:00:00Z
171,Payment is denied when performed/billed by this type of provider in this type of facility,"Payment is denied when performed/billed by this type of provider in this type of facility. Usage: Refer to the 835 Healthcare Policy Identification Segment (loop 2110 Service Payment Information REF), if present.",,active,2005-06-30T00:00:00Z
172,Payment is adjusted when performed/billed by a provider of this specialty,"Payment is adjusted when performed/billed by a provider of this specialty. Usage: Refer to the 835 Healthcare Policy Identification Segment (loop 2110 Service Payment Information REF), if present.",,active,2005-06-30T00:00:00Z
173,Service/equipment was not prescribed by a physician,Service/equipment was not prescribed by a physician.,,active,2005-06-30T00:00:00Z
174,Service was not prescribed prior to delivery,Service was not prescribed prior to delivery.,,active,2005-06-30T00:00:00Z
175,Prescription is incomplete,Prescription is incomplete.,,active,2005-06-30T00:00:00Z
176,Prescription is not current,Prescription is not current.,,active,2005-06-30T00:00:00Z
177,Patient has not met the required eligibility requirements,Patient has not met the required eligibility requirements.,,active,2005-06-30T00:00:00Z
178,Patient has not met the required spend down requirements,Patient has not met the required spend down requirements.,,active,2005-06-30T00:00:00Z
179,Patient has not met the required waiting requirements,"Patient has not met the required waiting requirements. Usage: Refer to the 835 Healthcare Policy Identification Segment (loop 2110 Service Payment Information REF), if present.",,active,2005-06-30T00:00:00Z
18,Exact duplicate claim/service (Use only with Group Code OA except where state wo,Exact duplicate claim/service (Use only with Group Code OA except where state workers' compensation regulations requires CO),,active,1995-01-01T00:00:00Z
180,Patient has not met the required residency requirements,Patient has not met the required residency requirements.,,active,2005-06-30T00:00:00Z
181,Procedure code was invalid on the date of service,Procedure code was invalid on the date of service.,,active,2005-06-30T00:00:00Z
182,Procedure modifier was invalid on the date of service,Procedure modifier was invalid on the date of service.,,active,2005-06-30T00:00:00Z
183,The referring provider is not eligible to refer the service billed,"The referring provider is not eligible to refer the service billed. Usage: Refer to the 835 Healthcare Policy Identification Segment (loop 2110 Service Payment Information REF), if present.",,active,2005-06-30T00:00:00Z
184,The prescribing/ordering provider is not eligible to prescribe/order the service billed,"The prescribing/ordering provider is not eligible to prescribe/order the service billed. Usage: Refer to the 835 Healthcare Policy Identification Segment (loop 2110 Service Payment Information REF), if present.",,active,2005-06-30T00:00:00Z
185,The rendering provider is not eligible to perform the service billed,"The rendering provider is not eligible to perform the service billed. Usage: Refer to the 835 Healthcare Policy Identification Segment (loop 2110 Service Payment Information REF), if present.",,active,2005-06-30T00:00:00Z
186,Level of care change adjustment,Level of care change adjustment.,,active,2005-06-30T00:00:00Z
187,Consumer Spending Account payments (includes but is not limited to Flexible Spen,"Consumer Spending Account payments (includes but is not limited to Flexible Spending Account, Health Savings Account, Health Reimbursement Account, etc.)",,active,2005-06-30T00:00:00Z
188,This product/procedure is only covered when used according to FDA recommendations,This product/procedure is only covered when used according to FDA recommendations.,,active,2005-06-30T00:00:00Z
189,'Not otherwise classified' or 'unlisted' procedure code (CPT/HCPCS) was billed w,'Not otherwise classified' or 'unlisted' procedure code (CPT/HCPCS) was billed when there is a specific procedure code for this procedure/service,,active,2005-06-30T00:00:00Z
19,This is a work-related injury/illness and thus the liability of the Worker's Compensation Carrier,This is a work-related injury/illness and thus the liability of the Worker's Compensation Carrier.,,active,1995-01-01T00:00:00Z
190,Payment is included in the allowance for a Skilled Nursing Facility (SNF) qualified stay,Payment is included in the allowance for a Skilled Nursing Facility (SNF) qualified stay.,,active,2005-10-31T00:00:00Z
191,Not a work related injury/illness and thus not the liability of the workers' com,"Not a work related injury/illness and thus not the liability of the workers' compensation carrier Note: If adjustment is at the Claim Level, the payer must send and the provider should refer to the 835 Insurance Policy Number Segment (Loop 2100 Other Claim Related Information REF qualifier 'IG') for the jurisdictional regulation. If adjustment is at the Line Level, the payer must send and the provider should refer to the 835 Healthcare Policy Identification Segment (loop 2110 Service Payment information REF)",,active,2005-10-31T00:00:00Z
192,Non standard adjustment code from paper remittance,"Non standard adjustment code from paper remittance. Usage: This code is to be used by providers/payers providing Coordination of Benefits information to another payer in the 837 transaction only. This code is only used when the non-standard code cannot be reasonably mapped to an existing Claims Adjustment Reason Code, specifically Deductible, Coinsurance and Co-payment.",,active,2005-10-31T00:00:00Z
193,Original payment decision is being maintained,"Original payment decision is being maintained. Upon review, it was determined that this claim was processed properly.",,active,2006-02-28T00:00:00Z
194,"Anesthesia performed by the operating physician, the assistant surgeon or the attending physician","Anesthesia performed by the operating physician, the assistant surgeon or the attending physician.",,active,2006-02-28T00:00:00Z
195,Refund issued to an erroneous priority payer for this claim/service,Refund issued to an erroneous priority payer for this claim/service.,,active,2006-02-28T00:00:00Z
196,Claim/service denied based on prior payer's coverage determination,Claim/service denied based on prior payer's coverage determination.,,active,2006-06-30T00:00:00Z
197,Precertification/authorization/notification/pre-treatment absent,Precertification/authorization/notification/pre-treatment absent.,,active,2006-10-31T00:00:00Z
198,Precertification/notification/authorization/pre-treatment exceeded,Precertification/notification/authorization/pre-treatment exceeded.,,active,2006-10-31T00:00:00Z
199,Revenue code and Procedure code do not match,Revenue code and Procedure code do not match.,,active,2006-10-31T00:00:00Z
2,Coinsurance Amount,Coinsurance Amount,,active,1995-01-01T00:00:00Z
20,This injury/illness is covered by the liability carrier,This injury/illness is covered by the liability carrier.,,active,1995-01-01T00:00:00Z
200,Expenses incurred during lapse in coverage,Expenses incurred during lapse in coverage,,active,2006-10-31T00:00:00Z
201,Patient is responsible for amount of this claim/service through 'set aside arrangement' or other agreement,"Patient is responsible for amount of this claim/service through 'set aside arrangement' or other agreement. (Use only with Group Code PR)  At least one Remark Code must be provided (may be comprised of either the NCPDP Reject Reason Code, or Remittance Advice Remark Code that is not an ALERT.)",,active,2006-10-31T00:00:00Z
202,Non-covered personal comfort or convenience services,Non-covered personal comfort or convenience services.,,active,2007-02-28T00:00:00Z
203,Discontinued or reduced service,Discontinued or reduced service.,,active,2007-02-28T00:00:00Z
204,This service/equipment/drug is not covered under the patient's current benefit p,This service/equipment/drug is not covered under the patient's current benefit plan,,active,2007-02-28T00:00:00Z
205,Pharmacy discount card processing fee,Pharmacy discount card processing fee,,active,2007-07-09T00:00:00Z
206,National Provider Identifier - missing,National Provider Identifier - missing.,,active,2007-07-09T00:00:00Z
207,National Provider identifier - Invalid format,National Provider identifier - Invalid format,,active,2007-07-09T00:00:00Z
208,National Provider Identifier - Not matched,National Provider Identifier - Not matched.,,active,2007-07-09T00:00:00Z
209,Per regulatory or other agreement,"Per regulatory or other agreement. The provider cannot collect this amount from the patient. However, this amount may be billed to subsequent payer. Refund to patient if collected. (Use only with Group code OA)",,active,2007-07-09T00:00:00Z
21,This injury/illness is the liability of the no-fault carrier,This injury/illness is the liability of the no-fault carrier.,,active,1995-01-01T00:00:00Z
210,Payment adjusted because pre-certification/authorization not received in a timel,Payment adjusted because pre-certification/authorization not received in a timely fashion,,active,2007-07-09T00:00:00Z
211,"National Drug Codes (NDC) not eligible for rebate, are not covered","National Drug Codes (NDC) not eligible for rebate, are not covered.",,active,2007-07-09T00:00:00Z
212,Administrative surcharges are not covered,Administrative surcharges are not covered,,active,2007-11-05T00:00:00Z
213,Non-compliance with the physician self referral prohibition legislation or payer policy,Non-compliance with the physician self referral prohibition legislation or payer policy.,,active,2008-01-27T00:00:00Z
214,Workers' Compensation claim adjudicated as non-compensable,"Workers' Compensation claim adjudicated as non-compensable. This Payer not liable for claim or service/treatment. Note: If adjustment is at the Claim Level, the payer must send and the provider should refer to the 835 Insurance Policy Number Segment (Loop 2100 Other Claim Related Information REF qualifier 'IG') for the jurisdictional regulation. If adjustment is at the Line Level, the payer must send and the provider should refer to the 835 Healthcare Policy Identification Segment (loop 2110 Service Payment information REF). To be used for Workers' Compensation only",,active,2008-01-27T00:00:00Z
215,Based on subrogation of a third party settlement,Based on subrogation of a third party settlement,,active,2008-01-27T00:00:00Z
216,Based on the findings of a review organization or the payer's findings,Based on the findings of a review organization or the payer's findings.,,active,2008-01-27T00:00:00Z
217,Based on payer reasonable and customary fees,Based on payer reasonable and customary fees. No maximum allowable defined by legislated fee arrangement. (Note: To be used for Property and Casualty only),,active,2008-01-27T00:00:00Z
218,Based on entitlement to benefits,"Based on entitlement to benefits. Note: If adjustment is at the Claim Level, the payer must send and the provider should refer to the 835 Insurance Policy Number Segment (Loop 2100 Other Claim Related Information REF qualifier 'IG') for the jurisdictional regulation. If adjustment is at the Line Level, the payer must send and the provider should refer to the 835 Healthcare Policy Identification Segment (loop 2110 Service Payment information REF). To be used for Workers' Compensation only",,active,2008-01-27T00:00:00Z
219,Based on extent of injury,"Based on extent of injury. Usage: If adjustment is at the Claim Level, the payer must send and the provider should refer to the 835 Insurance Policy Number Segment (Loop 2100 Other Claim Related Information REF qualifier 'IG') for the jurisdictional regulation. If adjustment is at the Line Level, the payer must send and the provider should refer to the 835 Healthcare Policy Identification Segment (loop 2110 Service Payment information REF).",,active,2008-01-27T00:00:00Z
22,This care may be covered by another payer per coordination of benefits,This care may be covered by another payer per coordination of benefits.,,active,1995-01-01T00:00:00Z
220,The applicable fee schedule/fee database does not contain the billed code,The applicable fee schedule/fee database does not contain the billed code. Please resubmit a bill with the appropriate fee schedule/fee database code(s) that best describe the service(s) provided and supporting documentation if required. (Note: To be used for Property and Casualty only),,active,2008-01-27T00:00:00Z
221,Claim is under investigation,"Claim is under investigation. Note: If adjustment is at the Claim Level, the payer must send and the provider should refer to the 835 Insurance Policy Number Segment (Loop 2100 Other Claim Related Information REF qualifier 'IG') for the jurisdictional regulation. If adjustment is at the Line Level, the payer must send and the provider should refer to the 835 Healthcare Policy Identification Segment (loop 2110 Service Payment information REF). (Note: To be used by Property & Casualty only)",,active,2008-01-27T00:00:00Z
222,Exceeds the contracted maximum number of hours/days/units by this provider for this period,"Exceeds the contracted maximum number of hours/days/units by this provider for this period. This is not patient specific. Usage: Refer to the 835 Healthcare Policy Identification Segment (loop 2110 Service Payment Information REF), if present.",,active,2008-06-01T00:00:00Z
223,"Adjustment code for mandated federal, state or local law/regulation that is not","Adjustment code for mandated federal, state or local law/regulation that is not already covered by another code and is mandated before a new code can be created.",,active,2008-06-01T00:00:00Z
224,Patient identification compromised by identity theft,Patient identification compromised by identity theft. Identity verification required for processing this and future claims.,,active,2008-06-01T00:00:00Z
225,Penalty or Interest Payment by Payer (Only used for plan to plan encounter repor,Penalty or Interest Payment by Payer (Only used for plan to plan encounter reporting within the 837),,active,2008-06-01T00:00:00Z
226,Information requested from the Billing/Rendering Provider was not provided or no,"Information requested from the Billing/Rendering Provider was not provided or not provided timely or was insufficient/incomplete. At least one Remark Code must be provided (may be comprised of either the NCPDP Reject Reason Code, or Remittance Advice Remark Code that is not an ALERT.)",,active,2008-09-21T00:00:00Z
227,Information requested from the patient/insured/responsible party was not provided or was insufficient/incomplete,"Information requested from the patient/insured/responsible party was not provided or was insufficient/incomplete. At least one Remark Code must be provided (may be comprised of either the NCPDP Reject Reason Code, or Remittance Advice Remark Code that is not an ALERT.)",,active,2008-09-21T00:00:00Z
228,"Denied for failure of this provider, another provider or the subscriber to suppl","Denied for failure of this provider, another provider or the subscriber to supply requested information to a previous payer for their adjudication",,active,2008-09-21T00:00:00Z
229,Partial charge amount not considered by Medicare due to the initial claim Type of Bill being 12X,Partial charge amount not considered by Medicare due to the initial claim Type of Bill being 12X. Usage: This code can only be used in the 837 transaction to convey Coordination of Benefits information when the secondary payer's cost avoidance policy allows providers to bypass claim submission to a prior payer. (Use only with Group Code PR),,active,2009-01-25T00:00:00Z
23,The impact of prior payer(s) adjudication including payments and/or adjustments,The impact of prior payer(s) adjudication including payments and/or adjustments. (Use only with Group Code OA),,active,1995-01-01T00:00:00Z
230,No available or correlating CPT/HCPCS code to describe this service,No available or correlating CPT/HCPCS code to describe this service. Note: Used only by Property and Casualty.,,active,2009-01-25T00:00:00Z
231,Mutually exclusive procedures cannot be done in the same day/setting,"Mutually exclusive procedures cannot be done in the same day/setting. Usage: Refer to the 835 Healthcare Policy Identification Segment (loop 2110 Service Payment Information REF), if present.",,active,2009-07-01T00:00:00Z
232,Institutional Transfer Amount,Institutional Transfer Amount. Usage: Applies to institutional claims only and explains the DRG amount difference when the patient care crosses multiple institutions.,,active,2009-11-01T00:00:00Z
233,Services/charges related to the treatment of a hospital-acquired condition or preventable medical error,Services/charges related to the treatment of a hospital-acquired condition or preventable medical error.,,active,2010-01-24T00:00:00Z
234,This procedure is not paid separately,"This procedure is not paid separately. At least one Remark Code must be provided (may be comprised of either the NCPDP Reject Reason Code, or Remittance Advice Remark Code that is not an ALERT.)",,active,2010-01-24T00:00:00Z
235,Sales Tax,Sales Tax,,active,2010-06-06T00:00:00Z
236,This procedure or procedure/modifier combination is not compatible with another,This procedure or procedure/modifier combination is not compatible with another procedure or procedure/modifier combination provided on the same day according to the National Correct Coding Initiative or workers compensation state regulations/ fee schedule requirements.,,active,2011-01-30T00:00:00Z
237,Legislated/Regulatory Penalty,"Legislated/Regulatory Penalty. At least one Remark Code must be provided (may be comprised of either the NCPDP Reject Reason Code, or Remittance Advice Remark Code that is not an ALERT.)",,active,2011-06-05T00:00:00Z
238,"Claim spans eligible and ineligible periods of coverage, this is the reduction for the ineligible period","Claim spans eligible and ineligible periods of coverage, this is the reduction for the ineligible period. (Use only with Group Code PR)",,active,2012-03-01T00:00:00Z
239,Claim spans eligible and ineligible periods of coverage,Claim spans eligible and ineligible periods of coverage. Rebill separate claims.,,active,2012-03-01T00:00:00Z
24,Charges are covered under a capitation agreement/managed care plan,Charges are covered under a capitation agreement/managed care plan.,,active,1995-01-01T00:00:00Z
240,The diagnosis is inconsistent with the patient's birth weight,"The diagnosis is inconsistent with the patient's birth weight. Usage: Refer to the 835 Healthcare Policy Identification Segment (loop 2110 Service Payment Information REF), if present.",,active,2012-06-03T00:00:00Z
241,Low Income Subsidy (LIS) Co-payment Amount,Low Income Subsidy (LIS) Co-payment Amount,,active,2012-06-03T00:00:00Z
242,Services not provided by network/primary care providers,Services not provided by network/primary care providers.,,active,2012-06-03T00:00:00Z
243,Services not authorized by network/primary care providers,Services not authorized by network/primary care providers.,,active,2012-06-03T00:00:00Z
244,Payment reduced to zero due to litigation,Payment reduced to zero due to litigation. Additional information will be sent following the conclusion of litigation. To be used for Property & Casualty only.,,active,2012-09-30T00:00:00Z
245,Provider performance program withhold,Provider performance program withhold.,,active,2012-09-30T00:00:00Z
246,This non-payable code is for required reporting only,This non-payable code is for required reporting only.,,active,2012-09-30T00:00:00Z
247,Deductible for Professional service rendered in an Institutional setting and billed on an Institutional claim,Deductible for Professional service rendered in an Institutional setting and billed on an Institutional claim.,,active,2026-04-18T22:49:21Z
248,Coinsurance for Professional service rendered in an Institutional setting and billed on an Institutional claim,Coinsurance for Professional service rendered in an Institutional setting and billed on an Institutional claim.,,active,2026-04-18T22:49:21Z
249,This claim has been identified as a readmission,This claim has been identified as a readmission. (Use only with Group Code CO),,active,2012-09-30T00:00:00Z
25,Payment denied,Payment denied. Your Stop loss deductible has not been met.,,deprecated,1995-01-01T00:00:00Z
250,The attachment/other documentation that was received was the incorrect attachment/document,"The attachment/other documentation that was received was the incorrect attachment/document. The expected attachment/document is still missing. At least one Remark Code must be provided (may be comprised of either the NCPDP Reject Reason Code, or Remittance Advice Remark Code that is not an ALERT).",,active,2012-09-30T00:00:00Z
251,The attachment/other documentation that was received was incomplete or deficient,"The attachment/other documentation that was received was incomplete or deficient. The necessary information is still needed to process the claim. At least one Remark Code must be provided (may be comprised of either the NCPDP Reject Reason Code, or Remittance Advice Remark Code that is not an ALERT).",,active,2012-09-30T00:00:00Z
252,An attachment/other documentation is required to adjudicate this claim/service,"An attachment/other documentation is required to adjudicate this claim/service. At least one Remark Code must be provided (may be comprised of either the NCPDP Reject Reason Code, or Remittance Advice Remark Code that is not an ALERT).",,active,2012-09-30T00:00:00Z
253,Sequestration - reduction in federal payment,Sequestration - reduction in federal payment,,active,2013-06-02T00:00:00Z
254,"Claim received by the dental plan, but benefits not available under this plan","Claim received by the dental plan, but benefits not available under this plan.  Submit these services to the patient's medical plan for further consideration.",,active,2013-06-02T00:00:00Z
255,The disposition of the related Property & Casualty claim (injury or illness) is pending due to litigation,The disposition of the related Property & Casualty claim (injury or illness) is pending due to litigation. (Use only with Group Code OA),,active,2013-06-02T00:00:00Z
256,Service not payable per managed care contract,Service not payable per managed care contract.,,active,2013-06-02T00:00:00Z
257,The disposition of the claim/service is undetermined during the premium payment,"The disposition of the claim/service is undetermined during the premium payment grace period, per Health Insurance Exchange requirements. This claim/service will be reversed and corrected when the grace period ends (due to premium payment or lack of premium payment). (Use only with Group Code OA)",,active,2013-11-01T00:00:00Z
258,Claim/service not covered when patient is in custody/incarcerated,"Claim/service not covered when patient is in custody/incarcerated. Applicable federal, state or local authority may cover the claim/service.",,active,2013-11-01T00:00:00Z
259,Additional payment for Dental/Vision service utilization,Additional payment for Dental/Vision service utilization.,,active,2014-01-26T00:00:00Z
26,Expenses incurred prior to coverage,Expenses incurred prior to coverage.,,active,1995-01-01T00:00:00Z
260,Processed under Medicaid ACA Enhanced Fee Schedule,Processed under Medicaid ACA Enhanced Fee Schedule,,active,2014-01-26T00:00:00Z
261,The procedure or service is inconsistent with the patient's history,The procedure or service is inconsistent with the patient's history.,,active,2014-06-01T00:00:00Z
262,Adjustment for delivery cost,Adjustment for delivery cost. Usage: To be used for pharmaceuticals only.,,active,2014-11-01T00:00:00Z
263,Adjustment for shipping cost,Adjustment for shipping cost. Usage: To be used for pharmaceuticals only.,,active,2014-11-01T00:00:00Z
264,Adjustment for postage cost,Adjustment for postage cost. Usage: To be used for pharmaceuticals only.,,active,2014-11-01T00:00:00Z
265,Adjustment for administrative cost,Adjustment for administrative cost. Usage: To be used for pharmaceuticals only.,,active,2014-11-01T00:00:00Z
266,Adjustment for compound preparation cost,Adjustment for compound preparation cost. Usage: To be used for pharmaceuticals only.,,active,2014-11-01T00:00:00Z
267,Claim/service spans multiple months,"Claim/service spans multiple months. At least one Remark Code must be provided (may be comprised of either the NCPDP Reject Reason Code, or Remittance Advice Remark Code that is not an ALERT.)",,active,2014-11-01T00:00:00Z
268,The Claim spans two calendar years,The Claim spans two calendar years. Please resubmit one claim per calendar year.,,active,2014-11-01T00:00:00Z
269,Anesthesia not covered for this service/procedure,"Anesthesia not covered for this service/procedure. Usage: Refer to the 835 Healthcare Policy Identification Segment (loop 2110 Service Payment Information REF), if present.",,active,2015-03-01T00:00:00Z
27,Expenses incurred after coverage terminated,Expenses incurred after coverage terminated.,,active,1995-01-01T00:00:00Z
270,"Claim received by the medical plan, but benefits not available under this plan","Claim received by the medical plan, but benefits not available under this plan. Submit these services to the patient's dental plan for further consideration.",,active,2015-07-01T00:00:00Z
271,Prior contractual reductions related to a current periodic payment as part of a,Prior contractual reductions related to a current periodic payment as part of a contractual payment schedule when deferred amounts have been previously reported. (Use only with Group Code OA),,active,2015-11-01T00:00:00Z
272,Coverage/program guidelines were not met,Coverage/program guidelines were not met.,,active,2015-11-01T00:00:00Z
273,Coverage/program guidelines were exceeded,Coverage/program guidelines were exceeded.,,active,2015-11-01T00:00:00Z
274,Fee/Service not payable per patient Care Coordination arrangement,Fee/Service not payable per patient Care Coordination arrangement.,,active,2015-11-01T00:00:00Z
275,"Prior payer's (or payers') patient responsibility (deductible, coinsurance, co-payment) not covered","Prior payer's (or payers') patient responsibility (deductible, coinsurance, co-payment) not covered. (Use only with Group Code PR)",,active,2015-11-01T00:00:00Z
276,Services denied by the prior payer(s) are not covered by this payer,Services denied by the prior payer(s) are not covered by this payer.,,active,2015-11-01T00:00:00Z
277,The disposition of the claim/service is undetermined during the premium payment,"The disposition of the claim/service is undetermined during the premium payment grace period, per Health Insurance SHOP Exchange requirements. This claim/service will be reversed and corrected when the grace period ends (due to premium payment or lack of premium payment). (Use only with Group Code OA)",,active,2026-04-18T22:49:21Z
278,Performance program proficiency requirements not met,"Performance program proficiency requirements not met. (Use only with Group Codes CO or PI) Usage: Refer to the 835 Healthcare Policy Identification Segment (loop 2110 Service Payment Information REF), if present.",,active,2016-07-01T00:00:00Z
279,Services not provided by Preferred network providers,"Services not provided by Preferred network providers. Usage: Use this code when there are member network limitations. For example, using contracted providers not in the member's 'narrow' network.",,active,2016-11-01T00:00:00Z
28,Coverage not in effect at the time the service was provided,Coverage not in effect at the time the service was provided.,,active,1995-01-01T00:00:00Z
280,"Claim received by the medical plan, but benefits not available under this plan","Claim received by the medical plan, but benefits not available under this plan. Submit these services to the patient's Pharmacy plan for further consideration.",,active,2017-03-01T00:00:00Z
281,Deductible waived per contractual agreement,Deductible waived per contractual agreement. Use only with Group Code CO.,,active,2017-07-01T00:00:00Z
282,The procedure/revenue code is inconsistent with the type of bill,"The procedure/revenue code is inconsistent with the type of bill. Usage: Refer to the 835 Healthcare Policy Identification Segment (loop 2110 Service Payment Information REF), if present.",,active,2017-07-01T00:00:00Z
283,Attending provider is not eligible to provide direction of care,Attending provider is not eligible to provide direction of care.,,active,2017-11-01T00:00:00Z
284,Precertification/authorization/notification/pre-treatment number may be valid but does not apply to the billed services,Precertification/authorization/notification/pre-treatment number may be valid but does not apply to the billed services.,,active,2017-11-01T00:00:00Z
285,Appeal procedures not followed,Appeal procedures not followed,,active,2017-11-01T00:00:00Z
286,Appeal time limits not met,Appeal time limits not met,,active,2017-11-01T00:00:00Z
287,Referral exceeded,Referral exceeded,,active,2017-11-01T00:00:00Z
288,Referral absent,Referral absent,,active,2017-11-01T00:00:00Z
289,"Services considered under the dental and medical plans, benefits not available","Services considered under the dental and medical plans, benefits not available.",,active,2026-04-18T22:49:21Z
29,The time limit for filing has expired,The time limit for filing has expired.,,active,1995-01-01T00:00:00Z
290,"Claim received by the dental plan, but benefits not available under this plan","Claim received by the dental plan, but benefits not available under this plan. Claim has been forwarded to the patient's medical plan for further consideration.",,active,2026-04-18T22:49:21Z
291,"Claim received by the medical plan, but benefits not available under this plan","Claim received by the medical plan, but benefits not available under this plan. Claim has been forwarded to the patient's dental plan for further consideration.",,active,2026-04-18T22:49:21Z
292,"Claim received by the medical plan, but benefits not available under this plan","Claim received by the medical plan, but benefits not available under this plan. Claim has been forwarded to the patient's pharmacy plan for further consideration.",,active,2026-04-18T22:49:21Z
293,Payment made to employer,Payment made to employer.,,active,2018-05-01T00:00:00Z
294,Payment made to attorney,Payment made to attorney.,,active,2017-11-01T00:00:00Z
295,Pharmacy Direct/Indirect Remuneration (DIR),Pharmacy Direct/Indirect Remuneration (DIR),,active,2018-03-01T00:00:00Z
296,Precertification/authorization/notification/pre-treatment number may be valid but does not apply to the provider,Precertification/authorization/notification/pre-treatment number may be valid but does not apply to the provider.,,active,2018-07-01T00:00:00Z
297,"Claim received by the medical plan, but benefits not available under this plan","Claim received by the medical plan, but benefits not available under this plan. Submit these services to the patient's vision plan for further consideration.",,active,2019-03-01T00:00:00Z
298,"Claim received by the medical plan, but benefits not available under this plan","Claim received by the medical plan, but benefits not available under this plan. Claim has been forwarded to the patient's vision plan for further consideration.",,active,2019-03-01T00:00:00Z
299,The billing provider is not eligible to receive payment for the service billed,The billing provider is not eligible to receive payment for the service billed.,,active,2019-07-01T00:00:00Z
3,Co-payment Amount,Co-payment Amount,,active,1995-01-01T00:00:00Z
30,"Payment adjusted because the patient has not met the required eligibility, spend","Payment adjusted because the patient has not met the required eligibility, spend down, waiting, or residency requirements.",,deprecated,1995-01-01T00:00:00Z
300,"Claim received by the Medical Plan, but benefits not available under this plan","Claim received by the Medical Plan, but benefits not available under this plan. Claim has been forwarded to the patient's Behavioral Health Plan for further consideration.",,active,2019-07-01T00:00:00Z
301,"Claim received by the Medical Plan, but benefits not available under this plan","Claim received by the Medical Plan, but benefits not available under this plan. Submit these services to the patient's Behavioral Health Plan for further consideration.",,active,2019-07-01T00:00:00Z
302,Precertification/notification/authorization/pre-treatment time limit has expired,Precertification/notification/authorization/pre-treatment time limit has expired.,,active,2020-11-01T00:00:00Z
303,"Prior payer's (or payers') patient responsibility (deductible, coinsurance, co-p","Prior payer's (or payers') patient responsibility (deductible, coinsurance, co-payment) not covered for Qualified Medicare and Medicaid Beneficiaries. (Use only with Group Code CO)",,active,2021-07-01T00:00:00Z
304,"Claim received by the medical plan, but benefits not available under this plan","Claim received by the medical plan, but benefits not available under this plan. Submit these services to the patient's hearing plan for further consideration.",,active,2022-03-01T00:00:00Z
305,"Claim received by the medical plan, but benefits not available under this plan","Claim received by the medical plan, but benefits not available under this plan. Claim has been forwarded to the patient's hearing plan for further consideration.",,active,2022-03-01T00:00:00Z
306,Type of bill is inconsistent with the patient status,"Type of bill is inconsistent with the patient status. Usage: Refer to the 835 Healthcare Policy Identification Segment (loop 2110 Service Payment Information REF), if present.",,active,2023-11-01T00:00:00Z
307,Medicare Maximum Fair Price Standard Default Refund Amount Adjustment,"Medicare Maximum Fair Price Standard Default Refund Amount Adjustment. At least one Remark Code must be provided (may be comprised of either the NCPDP Reject Reason Code, or Remittance Advice Remark Code that is not an ALERT.) Usage: To be used only for the Medicare Drug Price Negotiation Program.",,active,2025-03-01T00:00:00Z
308,Payment is adjusted due to contracted funding agreement between the payer and provider,Payment is adjusted due to contracted funding agreement between the payer and provider.,,active,2025-11-01T00:00:00Z
31,Patient cannot be identified as our insured,Patient cannot be identified as our insured.,,active,1995-01-01T00:00:00Z
32,Our records indicate the patient is not an eligible dependent,Our records indicate the patient is not an eligible dependent.,,active,1995-01-01T00:00:00Z
33,Insured has no dependent coverage,Insured has no dependent coverage.,,active,1995-01-01T00:00:00Z
34,Insured has no coverage for newborns,Insured has no coverage for newborns.,,active,1995-01-01T00:00:00Z
35,Lifetime benefit maximum has been reached,Lifetime benefit maximum has been reached.,,active,1995-01-01T00:00:00Z
36,Balance does not exceed co-payment amount,Balance does not exceed co-payment amount.,,deprecated,1995-01-01T00:00:00Z
37,Balance does not exceed deductible,Balance does not exceed deductible.,,deprecated,1995-01-01T00:00:00Z
38,Services not provided or authorized by designated (network/primary care) providers,Services not provided or authorized by designated (network/primary care) providers.,,active,1995-01-01T00:00:00Z
39,Services denied at the time authorization/pre-certification was requested,Services denied at the time authorization/pre-certification was requested.,,active,1995-01-01T00:00:00Z
4,The procedure code is inconsistent with the modifier used,"The procedure code is inconsistent with the modifier used. Usage: Refer to the 835 Healthcare Policy Identification Segment (loop 2110 Service Payment Information REF), if present.",,active,1995-01-01T00:00:00Z
40,Charges do not meet qualifications for emergent/urgent care,"Charges do not meet qualifications for emergent/urgent care. Usage: Refer to the 835 Healthcare Policy Identification Segment (loop 2110 Service Payment Information REF), if present.",,active,1995-01-01T00:00:00Z
41,Discount agreed to in Preferred Provider contract,Discount agreed to in Preferred Provider contract.,,deprecated,1995-01-01T00:00:00Z
42,Charges exceed our fee schedule or maximum allowable amount,Charges exceed our fee schedule or maximum allowable amount. (Use CARC 45),,deprecated,1995-01-01T00:00:00Z
43,Gramm-Rudman reduction,Gramm-Rudman reduction.,,deprecated,1995-01-01T00:00:00Z
44,Prompt-pay discount,Prompt-pay discount.,,active,1995-01-01T00:00:00Z
45,Charge exceeds fee schedule/maximum allowable or contracted/legislated fee arrangement,Charge exceeds fee schedule/maximum allowable or contracted/legislated fee arrangement. Usage: This adjustment amount cannot equal the total service or claim charge amount; and must not duplicate provider adjustment amounts (payments and contractual reductions) that have resulted from prior payer(s) adjudication. (Use only with Group Codes PR or CO depending upon liability),,active,1995-01-01T00:00:00Z
46,This (these) service(s) is (are) not covered,This (these) service(s) is (are) not covered.,,active,1995-01-01T00:00:00Z
47,"This (these) diagnosis(es) is (are) not covered, missing, or are invalid","This (these) diagnosis(es) is (are) not covered, missing, or are invalid.",,deprecated,1995-01-01T00:00:00Z
48,This (these) procedure(s) is (are) not covered,This (these) procedure(s) is (are) not covered.,,active,1995-01-01T00:00:00Z
49,This is a non-covered service because it is a routine/preventive exam or a diagn,"This is a non-covered service because it is a routine/preventive exam or a diagnostic/screening procedure done in conjunction with a routine/preventive exam. Usage: Refer to the 835 Healthcare Policy Identification Segment (loop 2110 Service Payment Information REF), if present.",,active,1995-01-01T00:00:00Z
5,The procedure code/type of bill is inconsistent with the place of service,"The procedure code/type of bill is inconsistent with the place of service. Usage: Refer to the 835 Healthcare Policy Identification Segment (loop 2110 Service Payment Information REF), if present.",,active,1995-01-01T00:00:00Z
50,These are non-covered services because this is not deemed a 'medical necessity' by the payer,"These are non-covered services because this is not deemed a 'medical necessity' by the payer. Usage: Refer to the 835 Healthcare Policy Identification Segment (loop 2110 Service Payment Information REF), if present.",,active,1995-01-01T00:00:00Z
51,These are non-covered services because this is a pre-existing condition,"These are non-covered services because this is a pre-existing condition. Usage: Refer to the 835 Healthcare Policy Identification Segment (loop 2110 Service Payment Information REF), if present.",,active,1995-01-01T00:00:00Z
52,The referring/prescribing/rendering provider is not eligible to refer/prescribe/order/perform the service billed,The referring/prescribing/rendering provider is not eligible to refer/prescribe/order/perform the service billed.,,deprecated,1995-01-01T00:00:00Z
53,Services by an immediate relative or a member of the same household are not covered,Services by an immediate relative or a member of the same household are not covered.,,active,1995-01-01T00:00:00Z
54,Multiple physicians/assistants are not covered in this case,"Multiple physicians/assistants are not covered in this case. Usage: Refer to the 835 Healthcare Policy Identification Segment (loop 2110 Service Payment Information REF), if present.",,active,1995-01-01T00:00:00Z
55,Procedure/treatment/drug is deemed experimental/investigational by the payer,"Procedure/treatment/drug is deemed experimental/investigational by the payer. Usage: Refer to the 835 Healthcare Policy Identification Segment (loop 2110 Service Payment Information REF), if present.",,active,1995-01-01T00:00:00Z
56,Procedure/treatment has not been deemed 'proven to be effective' by the payer,"Procedure/treatment has not been deemed 'proven to be effective' by the payer. Usage: Refer to the 835 Healthcare Policy Identification Segment (loop 2110 Service Payment Information REF), if present.",,active,1995-01-01T00:00:00Z
57,Payment denied/reduced because the payer deems the information submitted does no,"Payment denied/reduced because the payer deems the information submitted does not support this level of service, this many services, this length of service, this dosage, or this day's supply.",,active,1995-01-01T00:00:00Z
58,Treatment was deemed by the payer to have been rendered in an inappropriate or invalid place of service,"Treatment was deemed by the payer to have been rendered in an inappropriate or invalid place of service. Usage: Refer to the 835 Healthcare Policy Identification Segment (loop 2110 Service Payment Information REF), if present.",,active,1995-01-01T00:00:00Z
59,Processed based on multiple or concurrent procedure rules,"Processed based on multiple or concurrent procedure rules. (For example multiple surgery or diagnostic imaging, concurrent anesthesia.) Usage: Refer to the 835 Healthcare Policy Identification Segment (loop 2110 Service Payment Information REF), if present.",,active,1995-01-01T00:00:00Z
6,The procedure/revenue code is inconsistent with the patient's age,"The procedure/revenue code is inconsistent with the patient's age. Usage: Refer to the 835 Healthcare Policy Identification Segment (loop 2110 Service Payment Information REF), if present.",,active,1995-01-01T00:00:00Z
60,Charges for outpatient services are not covered when performed within a period o,Charges for outpatient services are not covered when performed within a period of time prior to or after inpatient services.,,active,1995-01-01T00:00:00Z
61,Adjusted for failure to obtain second surgical opinion,Adjusted for failure to obtain second surgical opinion,,active,1995-01-01T00:00:00Z
62,"Payment denied/reduced for absence of, or exceeded, pre-certification/authorization","Payment denied/reduced for absence of, or exceeded, pre-certification/authorization.",,deprecated,1995-01-01T00:00:00Z
63,Correction to a prior claim,Correction to a prior claim.,,deprecated,1995-01-01T00:00:00Z
64,Denial reversed per Medical Review,Denial reversed per Medical Review.,,deprecated,1995-01-01T00:00:00Z
65,Procedure code was incorrect,Procedure code was incorrect. This payment reflects the correct code.,,deprecated,1995-01-01T00:00:00Z
66,Blood Deductible,Blood Deductible.,,active,1995-01-01T00:00:00Z
67,Lifetime reserve days,"Lifetime reserve days. (Handled in QTY, QTY01=LA)",,deprecated,1995-01-01T00:00:00Z
68,DRG weight,DRG weight. (Handled in CLP12),,deprecated,1995-01-01T00:00:00Z
69,Day outlier amount,Day outlier amount.,,active,1995-01-01T00:00:00Z
7,The procedure/revenue code is inconsistent with the patient's gender,"The procedure/revenue code is inconsistent with the patient's gender. Usage: Refer to the 835 Healthcare Policy Identification Segment (loop 2110 Service Payment Information REF), if present.",,active,1995-01-01T00:00:00Z
70,Cost outlier - Adjustment to compensate for additional costs,Cost outlier - Adjustment to compensate for additional costs.,,active,1995-01-01T00:00:00Z
71,Primary Payer amount,Primary Payer amount.,,active,1995-01-01T00:00:00Z
72,Coinsurance day,"Coinsurance day. (Handled in QTY, QTY01=CD)",,deprecated,1995-01-01T00:00:00Z
73,Administrative days,Administrative days.,,deprecated,1995-01-01T00:00:00Z
74,Indirect Medical Education Adjustment,Indirect Medical Education Adjustment.,,active,1995-01-01T00:00:00Z
75,Direct Medical Education Adjustment,Direct Medical Education Adjustment.,,active,1995-01-01T00:00:00Z
76,Disproportionate Share Adjustment,Disproportionate Share Adjustment.,,active,1995-01-01T00:00:00Z
77,Covered days,"Covered days. (Handled in QTY, QTY01=CA)",,deprecated,1995-01-01T00:00:00Z
78,Non-Covered days/Room charge adjustment,Non-Covered days/Room charge adjustment.,,active,1995-01-01T00:00:00Z
79,Cost Report days,Cost Report days. (Handled in MIA15),,deprecated,1995-01-01T00:00:00Z
8,The procedure code is inconsistent with the provider type/specialty (taxonomy),"The procedure code is inconsistent with the provider type/specialty (taxonomy). Usage: Refer to the 835 Healthcare Policy Identification Segment (loop 2110 Service Payment Information REF), if present.",,active,1995-01-01T00:00:00Z
80,Outlier days,"Outlier days. (Handled in QTY, QTY01=OU)",,deprecated,1995-01-01T00:00:00Z
81,Discharges,Discharges.,,deprecated,1995-01-01T00:00:00Z
82,PIP days,PIP days.,,deprecated,1995-01-01T00:00:00Z
83,Total visits,Total visits.,,deprecated,1995-01-01T00:00:00Z
84,Capital Adjustment,Capital Adjustment. (Handled in MIA),,deprecated,1995-01-01T00:00:00Z
85,Patient Interest Adjustment (Use Only Group code PR),Patient Interest Adjustment (Use Only Group code PR),,active,1995-01-01T00:00:00Z
86,Statutory Adjustment,Statutory Adjustment.,,active,1995-01-01T00:00:00Z
87,Transfer amount,Transfer amount.,,deprecated,1995-01-01T00:00:00Z
88,Adjustment amount represents collection against receivable created in prior overpayment,Adjustment amount represents collection against receivable created in prior overpayment.,,deprecated,1995-01-01T00:00:00Z
89,Professional fees removed from charges,Professional fees removed from charges.,,active,1995-01-01T00:00:00Z
9,The diagnosis is inconsistent with the patient's age,"The diagnosis is inconsistent with the patient's age. Usage: Refer to the 835 Healthcare Policy Identification Segment (loop 2110 Service Payment Information REF), if present.",,active,1995-01-01T00:00:00Z
90,Ingredient cost adjustment,Ingredient cost adjustment. Usage: To be used for pharmaceuticals only.,,active,1995-01-01T00:00:00Z
91,Dispensing fee adjustment,Dispensing fee adjustment.,,active,1995-01-01T00:00:00Z
92,Claim Paid in full,Claim Paid in full.,,deprecated,1995-01-01T00:00:00Z
93,No Claim level Adjustments,No Claim level Adjustments.,,active,1995-01-01T00:00:00Z
94,Processed in Excess of charges,Processed in Excess of charges.,,active,1995-01-01T00:00:00Z
95,Plan procedures not followed,Plan procedures not followed.,,active,1995-01-01T00:00:00Z
96,Non-covered charge(s),"Non-covered charge(s). At least one Remark Code must be provided (may be comprised of either the NCPDP Reject Reason Code, or Remittance Advice Remark Code that is not an ALERT.) Usage: Refer to the 835 Healthcare Policy Identification Segment (loop 2110 Service Payment Information REF), if present.",,active,1995-01-01T00:00:00Z
97,The benefit for this service is included in the payment/allowance for another se,"The benefit for this service is included in the payment/allowance for another service/procedure that has already been adjudicated. Usage: Refer to the 835 Healthcare Policy Identification Segment (loop 2110 Service Payment Information REF), if present.",,active,1995-01-01T00:00:00Z
98,The hospital must file the Medicare claim for this inpatient non-physician service,The hospital must file the Medicare claim for this inpatient non-physician service.,,deprecated,1995-01-01T00:00:00Z
99,Medicare Secondary Payer Adjustment Amount,Medicare Secondary Payer Adjustment Amount.,,deprecated,1995-01-01T00:00:00Z
