source_system,source_code,target_system,target_code,relationship,confidence,provenance
MSDRG,001,MDC,PRE,member-of,exact,https://www.cms.gov/files/zip/fy2026-ipps-fr-table-5.zip
MSDRG,002,MDC,PRE,member-of,exact,https://www.cms.gov/files/zip/fy2026-ipps-fr-table-5.zip
MSDRG,003,MDC,PRE,member-of,exact,https://www.cms.gov/files/zip/fy2026-ipps-fr-table-5.zip
MSDRG,004,MDC,PRE,member-of,exact,https://www.cms.gov/files/zip/fy2026-ipps-fr-table-5.zip
MSDRG,005,MDC,PRE,member-of,exact,https://www.cms.gov/files/zip/fy2026-ipps-fr-table-5.zip
MSDRG,006,MDC,PRE,member-of,exact,https://www.cms.gov/files/zip/fy2026-ipps-fr-table-5.zip
MSDRG,007,MDC,PRE,member-of,exact,https://www.cms.gov/files/zip/fy2026-ipps-fr-table-5.zip
MSDRG,008,MDC,PRE,member-of,exact,https://www.cms.gov/files/zip/fy2026-ipps-fr-table-5.zip
MSDRG,010,MDC,PRE,member-of,exact,https://www.cms.gov/files/zip/fy2026-ipps-fr-table-5.zip
MSDRG,011,MDC,PRE,member-of,exact,https://www.cms.gov/files/zip/fy2026-ipps-fr-table-5.zip
MSDRG,012,MDC,PRE,member-of,exact,https://www.cms.gov/files/zip/fy2026-ipps-fr-table-5.zip
MSDRG,013,MDC,PRE,member-of,exact,https://www.cms.gov/files/zip/fy2026-ipps-fr-table-5.zip
MSDRG,014,MDC,PRE,member-of,exact,https://www.cms.gov/files/zip/fy2026-ipps-fr-table-5.zip
MSDRG,016,MDC,PRE,member-of,exact,https://www.cms.gov/files/zip/fy2026-ipps-fr-table-5.zip
MSDRG,017,MDC,PRE,member-of,exact,https://www.cms.gov/files/zip/fy2026-ipps-fr-table-5.zip
MSDRG,018,MDC,PRE,member-of,exact,https://www.cms.gov/files/zip/fy2026-ipps-fr-table-5.zip
MSDRG,019,MDC,PRE,member-of,exact,https://www.cms.gov/files/zip/fy2026-ipps-fr-table-5.zip
MSDRG,020,MDC,01,member-of,exact,https://www.cms.gov/files/zip/fy2026-ipps-fr-table-5.zip
MSDRG,021,MDC,01,member-of,exact,https://www.cms.gov/files/zip/fy2026-ipps-fr-table-5.zip
MSDRG,022,MDC,01,member-of,exact,https://www.cms.gov/files/zip/fy2026-ipps-fr-table-5.zip
MSDRG,023,MDC,01,member-of,exact,https://www.cms.gov/files/zip/fy2026-ipps-fr-table-5.zip
MSDRG,024,MDC,01,member-of,exact,https://www.cms.gov/files/zip/fy2026-ipps-fr-table-5.zip
MSDRG,025,MDC,01,member-of,exact,https://www.cms.gov/files/zip/fy2026-ipps-fr-table-5.zip
MSDRG,026,MDC,01,member-of,exact,https://www.cms.gov/files/zip/fy2026-ipps-fr-table-5.zip
MSDRG,027,MDC,01,member-of,exact,https://www.cms.gov/files/zip/fy2026-ipps-fr-table-5.zip
MSDRG,028,MDC,01,member-of,exact,https://www.cms.gov/files/zip/fy2026-ipps-fr-table-5.zip
MSDRG,029,MDC,01,member-of,exact,https://www.cms.gov/files/zip/fy2026-ipps-fr-table-5.zip
MSDRG,030,MDC,01,member-of,exact,https://www.cms.gov/files/zip/fy2026-ipps-fr-table-5.zip
MSDRG,031,MDC,01,member-of,exact,https://www.cms.gov/files/zip/fy2026-ipps-fr-table-5.zip
MSDRG,032,MDC,01,member-of,exact,https://www.cms.gov/files/zip/fy2026-ipps-fr-table-5.zip
MSDRG,033,MDC,01,member-of,exact,https://www.cms.gov/files/zip/fy2026-ipps-fr-table-5.zip
MSDRG,034,MDC,01,member-of,exact,https://www.cms.gov/files/zip/fy2026-ipps-fr-table-5.zip
MSDRG,035,MDC,01,member-of,exact,https://www.cms.gov/files/zip/fy2026-ipps-fr-table-5.zip
MSDRG,036,MDC,01,member-of,exact,https://www.cms.gov/files/zip/fy2026-ipps-fr-table-5.zip
MSDRG,037,MDC,01,member-of,exact,https://www.cms.gov/files/zip/fy2026-ipps-fr-table-5.zip
MSDRG,038,MDC,01,member-of,exact,https://www.cms.gov/files/zip/fy2026-ipps-fr-table-5.zip
MSDRG,039,MDC,01,member-of,exact,https://www.cms.gov/files/zip/fy2026-ipps-fr-table-5.zip
MSDRG,040,MDC,01,member-of,exact,https://www.cms.gov/files/zip/fy2026-ipps-fr-table-5.zip
MSDRG,041,MDC,01,member-of,exact,https://www.cms.gov/files/zip/fy2026-ipps-fr-table-5.zip
MSDRG,042,MDC,01,member-of,exact,https://www.cms.gov/files/zip/fy2026-ipps-fr-table-5.zip
MSDRG,052,MDC,01,member-of,exact,https://www.cms.gov/files/zip/fy2026-ipps-fr-table-5.zip
MSDRG,053,MDC,01,member-of,exact,https://www.cms.gov/files/zip/fy2026-ipps-fr-table-5.zip
MSDRG,054,MDC,01,member-of,exact,https://www.cms.gov/files/zip/fy2026-ipps-fr-table-5.zip
MSDRG,055,MDC,01,member-of,exact,https://www.cms.gov/files/zip/fy2026-ipps-fr-table-5.zip
MSDRG,056,MDC,01,member-of,exact,https://www.cms.gov/files/zip/fy2026-ipps-fr-table-5.zip
MSDRG,057,MDC,01,member-of,exact,https://www.cms.gov/files/zip/fy2026-ipps-fr-table-5.zip
MSDRG,058,MDC,01,member-of,exact,https://www.cms.gov/files/zip/fy2026-ipps-fr-table-5.zip
MSDRG,059,MDC,01,member-of,exact,https://www.cms.gov/files/zip/fy2026-ipps-fr-table-5.zip
MSDRG,060,MDC,01,member-of,exact,https://www.cms.gov/files/zip/fy2026-ipps-fr-table-5.zip
MSDRG,061,MDC,01,member-of,exact,https://www.cms.gov/files/zip/fy2026-ipps-fr-table-5.zip
MSDRG,062,MDC,01,member-of,exact,https://www.cms.gov/files/zip/fy2026-ipps-fr-table-5.zip
MSDRG,063,MDC,01,member-of,exact,https://www.cms.gov/files/zip/fy2026-ipps-fr-table-5.zip
MSDRG,064,MDC,01,member-of,exact,https://www.cms.gov/files/zip/fy2026-ipps-fr-table-5.zip
MSDRG,065,MDC,01,member-of,exact,https://www.cms.gov/files/zip/fy2026-ipps-fr-table-5.zip
MSDRG,066,MDC,01,member-of,exact,https://www.cms.gov/files/zip/fy2026-ipps-fr-table-5.zip
MSDRG,067,MDC,01,member-of,exact,https://www.cms.gov/files/zip/fy2026-ipps-fr-table-5.zip
MSDRG,068,MDC,01,member-of,exact,https://www.cms.gov/files/zip/fy2026-ipps-fr-table-5.zip
MSDRG,069,MDC,01,member-of,exact,https://www.cms.gov/files/zip/fy2026-ipps-fr-table-5.zip
MSDRG,070,MDC,01,member-of,exact,https://www.cms.gov/files/zip/fy2026-ipps-fr-table-5.zip
MSDRG,071,MDC,01,member-of,exact,https://www.cms.gov/files/zip/fy2026-ipps-fr-table-5.zip
MSDRG,072,MDC,01,member-of,exact,https://www.cms.gov/files/zip/fy2026-ipps-fr-table-5.zip
MSDRG,073,MDC,01,member-of,exact,https://www.cms.gov/files/zip/fy2026-ipps-fr-table-5.zip
MSDRG,074,MDC,01,member-of,exact,https://www.cms.gov/files/zip/fy2026-ipps-fr-table-5.zip
MSDRG,075,MDC,01,member-of,exact,https://www.cms.gov/files/zip/fy2026-ipps-fr-table-5.zip
MSDRG,076,MDC,01,member-of,exact,https://www.cms.gov/files/zip/fy2026-ipps-fr-table-5.zip
MSDRG,080,MDC,01,member-of,exact,https://www.cms.gov/files/zip/fy2026-ipps-fr-table-5.zip
MSDRG,081,MDC,01,member-of,exact,https://www.cms.gov/files/zip/fy2026-ipps-fr-table-5.zip
MSDRG,082,MDC,01,member-of,exact,https://www.cms.gov/files/zip/fy2026-ipps-fr-table-5.zip
MSDRG,083,MDC,01,member-of,exact,https://www.cms.gov/files/zip/fy2026-ipps-fr-table-5.zip
MSDRG,084,MDC,01,member-of,exact,https://www.cms.gov/files/zip/fy2026-ipps-fr-table-5.zip
MSDRG,085,MDC,01,member-of,exact,https://www.cms.gov/files/zip/fy2026-ipps-fr-table-5.zip
MSDRG,086,MDC,01,member-of,exact,https://www.cms.gov/files/zip/fy2026-ipps-fr-table-5.zip
MSDRG,087,MDC,01,member-of,exact,https://www.cms.gov/files/zip/fy2026-ipps-fr-table-5.zip
MSDRG,088,MDC,01,member-of,exact,https://www.cms.gov/files/zip/fy2026-ipps-fr-table-5.zip
MSDRG,089,MDC,01,member-of,exact,https://www.cms.gov/files/zip/fy2026-ipps-fr-table-5.zip
MSDRG,090,MDC,01,member-of,exact,https://www.cms.gov/files/zip/fy2026-ipps-fr-table-5.zip
MSDRG,091,MDC,01,member-of,exact,https://www.cms.gov/files/zip/fy2026-ipps-fr-table-5.zip
MSDRG,092,MDC,01,member-of,exact,https://www.cms.gov/files/zip/fy2026-ipps-fr-table-5.zip
MSDRG,093,MDC,01,member-of,exact,https://www.cms.gov/files/zip/fy2026-ipps-fr-table-5.zip
MSDRG,094,MDC,01,member-of,exact,https://www.cms.gov/files/zip/fy2026-ipps-fr-table-5.zip
MSDRG,095,MDC,01,member-of,exact,https://www.cms.gov/files/zip/fy2026-ipps-fr-table-5.zip
MSDRG,096,MDC,01,member-of,exact,https://www.cms.gov/files/zip/fy2026-ipps-fr-table-5.zip
MSDRG,097,MDC,01,member-of,exact,https://www.cms.gov/files/zip/fy2026-ipps-fr-table-5.zip
MSDRG,098,MDC,01,member-of,exact,https://www.cms.gov/files/zip/fy2026-ipps-fr-table-5.zip
MSDRG,099,MDC,01,member-of,exact,https://www.cms.gov/files/zip/fy2026-ipps-fr-table-5.zip
MSDRG,100,MDC,01,member-of,exact,https://www.cms.gov/files/zip/fy2026-ipps-fr-table-5.zip
MSDRG,101,MDC,01,member-of,exact,https://www.cms.gov/files/zip/fy2026-ipps-fr-table-5.zip
MSDRG,102,MDC,01,member-of,exact,https://www.cms.gov/files/zip/fy2026-ipps-fr-table-5.zip
MSDRG,103,MDC,01,member-of,exact,https://www.cms.gov/files/zip/fy2026-ipps-fr-table-5.zip
MSDRG,113,MDC,02,member-of,exact,https://www.cms.gov/files/zip/fy2026-ipps-fr-table-5.zip
MSDRG,114,MDC,02,member-of,exact,https://www.cms.gov/files/zip/fy2026-ipps-fr-table-5.zip
MSDRG,115,MDC,02,member-of,exact,https://www.cms.gov/files/zip/fy2026-ipps-fr-table-5.zip
MSDRG,116,MDC,02,member-of,exact,https://www.cms.gov/files/zip/fy2026-ipps-fr-table-5.zip
MSDRG,117,MDC,02,member-of,exact,https://www.cms.gov/files/zip/fy2026-ipps-fr-table-5.zip
MSDRG,121,MDC,02,member-of,exact,https://www.cms.gov/files/zip/fy2026-ipps-fr-table-5.zip
MSDRG,122,MDC,02,member-of,exact,https://www.cms.gov/files/zip/fy2026-ipps-fr-table-5.zip
MSDRG,123,MDC,02,member-of,exact,https://www.cms.gov/files/zip/fy2026-ipps-fr-table-5.zip
MSDRG,124,MDC,02,member-of,exact,https://www.cms.gov/files/zip/fy2026-ipps-fr-table-5.zip
MSDRG,125,MDC,02,member-of,exact,https://www.cms.gov/files/zip/fy2026-ipps-fr-table-5.zip
MSDRG,135,MDC,03,member-of,exact,https://www.cms.gov/files/zip/fy2026-ipps-fr-table-5.zip
MSDRG,136,MDC,03,member-of,exact,https://www.cms.gov/files/zip/fy2026-ipps-fr-table-5.zip
MSDRG,137,MDC,03,member-of,exact,https://www.cms.gov/files/zip/fy2026-ipps-fr-table-5.zip
MSDRG,138,MDC,03,member-of,exact,https://www.cms.gov/files/zip/fy2026-ipps-fr-table-5.zip
MSDRG,139,MDC,03,member-of,exact,https://www.cms.gov/files/zip/fy2026-ipps-fr-table-5.zip
MSDRG,140,MDC,03,member-of,exact,https://www.cms.gov/files/zip/fy2026-ipps-fr-table-5.zip
MSDRG,141,MDC,03,member-of,exact,https://www.cms.gov/files/zip/fy2026-ipps-fr-table-5.zip
MSDRG,142,MDC,03,member-of,exact,https://www.cms.gov/files/zip/fy2026-ipps-fr-table-5.zip
MSDRG,143,MDC,03,member-of,exact,https://www.cms.gov/files/zip/fy2026-ipps-fr-table-5.zip
MSDRG,144,MDC,03,member-of,exact,https://www.cms.gov/files/zip/fy2026-ipps-fr-table-5.zip
MSDRG,145,MDC,03,member-of,exact,https://www.cms.gov/files/zip/fy2026-ipps-fr-table-5.zip
MSDRG,146,MDC,03,member-of,exact,https://www.cms.gov/files/zip/fy2026-ipps-fr-table-5.zip
MSDRG,147,MDC,03,member-of,exact,https://www.cms.gov/files/zip/fy2026-ipps-fr-table-5.zip
MSDRG,148,MDC,03,member-of,exact,https://www.cms.gov/files/zip/fy2026-ipps-fr-table-5.zip
MSDRG,149,MDC,03,member-of,exact,https://www.cms.gov/files/zip/fy2026-ipps-fr-table-5.zip
MSDRG,150,MDC,03,member-of,exact,https://www.cms.gov/files/zip/fy2026-ipps-fr-table-5.zip
MSDRG,151,MDC,03,member-of,exact,https://www.cms.gov/files/zip/fy2026-ipps-fr-table-5.zip
MSDRG,152,MDC,03,member-of,exact,https://www.cms.gov/files/zip/fy2026-ipps-fr-table-5.zip
MSDRG,153,MDC,03,member-of,exact,https://www.cms.gov/files/zip/fy2026-ipps-fr-table-5.zip
MSDRG,154,MDC,03,member-of,exact,https://www.cms.gov/files/zip/fy2026-ipps-fr-table-5.zip
MSDRG,155,MDC,03,member-of,exact,https://www.cms.gov/files/zip/fy2026-ipps-fr-table-5.zip
MSDRG,156,MDC,03,member-of,exact,https://www.cms.gov/files/zip/fy2026-ipps-fr-table-5.zip
MSDRG,157,MDC,03,member-of,exact,https://www.cms.gov/files/zip/fy2026-ipps-fr-table-5.zip
MSDRG,158,MDC,03,member-of,exact,https://www.cms.gov/files/zip/fy2026-ipps-fr-table-5.zip
MSDRG,159,MDC,03,member-of,exact,https://www.cms.gov/files/zip/fy2026-ipps-fr-table-5.zip
MSDRG,163,MDC,04,member-of,exact,https://www.cms.gov/files/zip/fy2026-ipps-fr-table-5.zip
MSDRG,164,MDC,04,member-of,exact,https://www.cms.gov/files/zip/fy2026-ipps-fr-table-5.zip
MSDRG,165,MDC,04,member-of,exact,https://www.cms.gov/files/zip/fy2026-ipps-fr-table-5.zip
MSDRG,166,MDC,04,member-of,exact,https://www.cms.gov/files/zip/fy2026-ipps-fr-table-5.zip
MSDRG,167,MDC,04,member-of,exact,https://www.cms.gov/files/zip/fy2026-ipps-fr-table-5.zip
MSDRG,168,MDC,04,member-of,exact,https://www.cms.gov/files/zip/fy2026-ipps-fr-table-5.zip
MSDRG,173,MDC,04,member-of,exact,https://www.cms.gov/files/zip/fy2026-ipps-fr-table-5.zip
MSDRG,175,MDC,04,member-of,exact,https://www.cms.gov/files/zip/fy2026-ipps-fr-table-5.zip
MSDRG,176,MDC,04,member-of,exact,https://www.cms.gov/files/zip/fy2026-ipps-fr-table-5.zip
MSDRG,177,MDC,04,member-of,exact,https://www.cms.gov/files/zip/fy2026-ipps-fr-table-5.zip
MSDRG,178,MDC,04,member-of,exact,https://www.cms.gov/files/zip/fy2026-ipps-fr-table-5.zip
MSDRG,179,MDC,04,member-of,exact,https://www.cms.gov/files/zip/fy2026-ipps-fr-table-5.zip
MSDRG,180,MDC,04,member-of,exact,https://www.cms.gov/files/zip/fy2026-ipps-fr-table-5.zip
MSDRG,181,MDC,04,member-of,exact,https://www.cms.gov/files/zip/fy2026-ipps-fr-table-5.zip
MSDRG,182,MDC,04,member-of,exact,https://www.cms.gov/files/zip/fy2026-ipps-fr-table-5.zip
MSDRG,183,MDC,04,member-of,exact,https://www.cms.gov/files/zip/fy2026-ipps-fr-table-5.zip
MSDRG,184,MDC,04,member-of,exact,https://www.cms.gov/files/zip/fy2026-ipps-fr-table-5.zip
MSDRG,185,MDC,04,member-of,exact,https://www.cms.gov/files/zip/fy2026-ipps-fr-table-5.zip
MSDRG,186,MDC,04,member-of,exact,https://www.cms.gov/files/zip/fy2026-ipps-fr-table-5.zip
MSDRG,187,MDC,04,member-of,exact,https://www.cms.gov/files/zip/fy2026-ipps-fr-table-5.zip
MSDRG,188,MDC,04,member-of,exact,https://www.cms.gov/files/zip/fy2026-ipps-fr-table-5.zip
MSDRG,189,MDC,04,member-of,exact,https://www.cms.gov/files/zip/fy2026-ipps-fr-table-5.zip
MSDRG,190,MDC,04,member-of,exact,https://www.cms.gov/files/zip/fy2026-ipps-fr-table-5.zip
MSDRG,191,MDC,04,member-of,exact,https://www.cms.gov/files/zip/fy2026-ipps-fr-table-5.zip
MSDRG,192,MDC,04,member-of,exact,https://www.cms.gov/files/zip/fy2026-ipps-fr-table-5.zip
MSDRG,193,MDC,04,member-of,exact,https://www.cms.gov/files/zip/fy2026-ipps-fr-table-5.zip
MSDRG,194,MDC,04,member-of,exact,https://www.cms.gov/files/zip/fy2026-ipps-fr-table-5.zip
MSDRG,195,MDC,04,member-of,exact,https://www.cms.gov/files/zip/fy2026-ipps-fr-table-5.zip
MSDRG,196,MDC,04,member-of,exact,https://www.cms.gov/files/zip/fy2026-ipps-fr-table-5.zip
MSDRG,197,MDC,04,member-of,exact,https://www.cms.gov/files/zip/fy2026-ipps-fr-table-5.zip
MSDRG,198,MDC,04,member-of,exact,https://www.cms.gov/files/zip/fy2026-ipps-fr-table-5.zip
MSDRG,199,MDC,04,member-of,exact,https://www.cms.gov/files/zip/fy2026-ipps-fr-table-5.zip
MSDRG,200,MDC,04,member-of,exact,https://www.cms.gov/files/zip/fy2026-ipps-fr-table-5.zip
MSDRG,201,MDC,04,member-of,exact,https://www.cms.gov/files/zip/fy2026-ipps-fr-table-5.zip
MSDRG,202,MDC,04,member-of,exact,https://www.cms.gov/files/zip/fy2026-ipps-fr-table-5.zip
MSDRG,203,MDC,04,member-of,exact,https://www.cms.gov/files/zip/fy2026-ipps-fr-table-5.zip
MSDRG,204,MDC,04,member-of,exact,https://www.cms.gov/files/zip/fy2026-ipps-fr-table-5.zip
MSDRG,205,MDC,04,member-of,exact,https://www.cms.gov/files/zip/fy2026-ipps-fr-table-5.zip
MSDRG,206,MDC,04,member-of,exact,https://www.cms.gov/files/zip/fy2026-ipps-fr-table-5.zip
MSDRG,207,MDC,04,member-of,exact,https://www.cms.gov/files/zip/fy2026-ipps-fr-table-5.zip
MSDRG,208,MDC,04,member-of,exact,https://www.cms.gov/files/zip/fy2026-ipps-fr-table-5.zip
MSDRG,209,MDC,05,member-of,exact,https://www.cms.gov/files/zip/fy2026-ipps-fr-table-5.zip
MSDRG,212,MDC,05,member-of,exact,https://www.cms.gov/files/zip/fy2026-ipps-fr-table-5.zip
MSDRG,213,MDC,05,member-of,exact,https://www.cms.gov/files/zip/fy2026-ipps-fr-table-5.zip
MSDRG,215,MDC,05,member-of,exact,https://www.cms.gov/files/zip/fy2026-ipps-fr-table-5.zip
MSDRG,216,MDC,05,member-of,exact,https://www.cms.gov/files/zip/fy2026-ipps-fr-table-5.zip
MSDRG,217,MDC,05,member-of,exact,https://www.cms.gov/files/zip/fy2026-ipps-fr-table-5.zip
MSDRG,218,MDC,05,member-of,exact,https://www.cms.gov/files/zip/fy2026-ipps-fr-table-5.zip
MSDRG,219,MDC,05,member-of,exact,https://www.cms.gov/files/zip/fy2026-ipps-fr-table-5.zip
MSDRG,220,MDC,05,member-of,exact,https://www.cms.gov/files/zip/fy2026-ipps-fr-table-5.zip
MSDRG,221,MDC,05,member-of,exact,https://www.cms.gov/files/zip/fy2026-ipps-fr-table-5.zip
MSDRG,228,MDC,05,member-of,exact,https://www.cms.gov/files/zip/fy2026-ipps-fr-table-5.zip
MSDRG,229,MDC,05,member-of,exact,https://www.cms.gov/files/zip/fy2026-ipps-fr-table-5.zip
MSDRG,231,MDC,05,member-of,exact,https://www.cms.gov/files/zip/fy2026-ipps-fr-table-5.zip
MSDRG,232,MDC,05,member-of,exact,https://www.cms.gov/files/zip/fy2026-ipps-fr-table-5.zip
MSDRG,233,MDC,05,member-of,exact,https://www.cms.gov/files/zip/fy2026-ipps-fr-table-5.zip
MSDRG,234,MDC,05,member-of,exact,https://www.cms.gov/files/zip/fy2026-ipps-fr-table-5.zip
MSDRG,235,MDC,05,member-of,exact,https://www.cms.gov/files/zip/fy2026-ipps-fr-table-5.zip
MSDRG,236,MDC,05,member-of,exact,https://www.cms.gov/files/zip/fy2026-ipps-fr-table-5.zip
MSDRG,239,MDC,05,member-of,exact,https://www.cms.gov/files/zip/fy2026-ipps-fr-table-5.zip
MSDRG,240,MDC,05,member-of,exact,https://www.cms.gov/files/zip/fy2026-ipps-fr-table-5.zip
MSDRG,241,MDC,05,member-of,exact,https://www.cms.gov/files/zip/fy2026-ipps-fr-table-5.zip
MSDRG,242,MDC,05,member-of,exact,https://www.cms.gov/files/zip/fy2026-ipps-fr-table-5.zip
MSDRG,243,MDC,05,member-of,exact,https://www.cms.gov/files/zip/fy2026-ipps-fr-table-5.zip
MSDRG,244,MDC,05,member-of,exact,https://www.cms.gov/files/zip/fy2026-ipps-fr-table-5.zip
MSDRG,245,MDC,05,member-of,exact,https://www.cms.gov/files/zip/fy2026-ipps-fr-table-5.zip
MSDRG,250,MDC,05,member-of,exact,https://www.cms.gov/files/zip/fy2026-ipps-fr-table-5.zip
MSDRG,251,MDC,05,member-of,exact,https://www.cms.gov/files/zip/fy2026-ipps-fr-table-5.zip
MSDRG,252,MDC,05,member-of,exact,https://www.cms.gov/files/zip/fy2026-ipps-fr-table-5.zip
MSDRG,253,MDC,05,member-of,exact,https://www.cms.gov/files/zip/fy2026-ipps-fr-table-5.zip
MSDRG,254,MDC,05,member-of,exact,https://www.cms.gov/files/zip/fy2026-ipps-fr-table-5.zip
MSDRG,255,MDC,05,member-of,exact,https://www.cms.gov/files/zip/fy2026-ipps-fr-table-5.zip
MSDRG,256,MDC,05,member-of,exact,https://www.cms.gov/files/zip/fy2026-ipps-fr-table-5.zip
MSDRG,257,MDC,05,member-of,exact,https://www.cms.gov/files/zip/fy2026-ipps-fr-table-5.zip
MSDRG,258,MDC,05,member-of,exact,https://www.cms.gov/files/zip/fy2026-ipps-fr-table-5.zip
MSDRG,259,MDC,05,member-of,exact,https://www.cms.gov/files/zip/fy2026-ipps-fr-table-5.zip
MSDRG,260,MDC,05,member-of,exact,https://www.cms.gov/files/zip/fy2026-ipps-fr-table-5.zip
MSDRG,261,MDC,05,member-of,exact,https://www.cms.gov/files/zip/fy2026-ipps-fr-table-5.zip
MSDRG,262,MDC,05,member-of,exact,https://www.cms.gov/files/zip/fy2026-ipps-fr-table-5.zip
MSDRG,263,MDC,05,member-of,exact,https://www.cms.gov/files/zip/fy2026-ipps-fr-table-5.zip
MSDRG,264,MDC,05,member-of,exact,https://www.cms.gov/files/zip/fy2026-ipps-fr-table-5.zip
MSDRG,265,MDC,05,member-of,exact,https://www.cms.gov/files/zip/fy2026-ipps-fr-table-5.zip
MSDRG,266,MDC,05,member-of,exact,https://www.cms.gov/files/zip/fy2026-ipps-fr-table-5.zip
MSDRG,267,MDC,05,member-of,exact,https://www.cms.gov/files/zip/fy2026-ipps-fr-table-5.zip
MSDRG,268,MDC,05,member-of,exact,https://www.cms.gov/files/zip/fy2026-ipps-fr-table-5.zip
MSDRG,269,MDC,05,member-of,exact,https://www.cms.gov/files/zip/fy2026-ipps-fr-table-5.zip
MSDRG,270,MDC,05,member-of,exact,https://www.cms.gov/files/zip/fy2026-ipps-fr-table-5.zip
MSDRG,271,MDC,05,member-of,exact,https://www.cms.gov/files/zip/fy2026-ipps-fr-table-5.zip
MSDRG,272,MDC,05,member-of,exact,https://www.cms.gov/files/zip/fy2026-ipps-fr-table-5.zip
MSDRG,273,MDC,05,member-of,exact,https://www.cms.gov/files/zip/fy2026-ipps-fr-table-5.zip
MSDRG,274,MDC,05,member-of,exact,https://www.cms.gov/files/zip/fy2026-ipps-fr-table-5.zip
MSDRG,275,MDC,05,member-of,exact,https://www.cms.gov/files/zip/fy2026-ipps-fr-table-5.zip
MSDRG,276,MDC,05,member-of,exact,https://www.cms.gov/files/zip/fy2026-ipps-fr-table-5.zip
MSDRG,277,MDC,05,member-of,exact,https://www.cms.gov/files/zip/fy2026-ipps-fr-table-5.zip
MSDRG,278,MDC,05,member-of,exact,https://www.cms.gov/files/zip/fy2026-ipps-fr-table-5.zip
MSDRG,279,MDC,05,member-of,exact,https://www.cms.gov/files/zip/fy2026-ipps-fr-table-5.zip
MSDRG,280,MDC,05,member-of,exact,https://www.cms.gov/files/zip/fy2026-ipps-fr-table-5.zip
MSDRG,281,MDC,05,member-of,exact,https://www.cms.gov/files/zip/fy2026-ipps-fr-table-5.zip
MSDRG,282,MDC,05,member-of,exact,https://www.cms.gov/files/zip/fy2026-ipps-fr-table-5.zip
MSDRG,283,MDC,05,member-of,exact,https://www.cms.gov/files/zip/fy2026-ipps-fr-table-5.zip
MSDRG,284,MDC,05,member-of,exact,https://www.cms.gov/files/zip/fy2026-ipps-fr-table-5.zip
MSDRG,285,MDC,05,member-of,exact,https://www.cms.gov/files/zip/fy2026-ipps-fr-table-5.zip
MSDRG,286,MDC,05,member-of,exact,https://www.cms.gov/files/zip/fy2026-ipps-fr-table-5.zip
MSDRG,287,MDC,05,member-of,exact,https://www.cms.gov/files/zip/fy2026-ipps-fr-table-5.zip
MSDRG,288,MDC,05,member-of,exact,https://www.cms.gov/files/zip/fy2026-ipps-fr-table-5.zip
MSDRG,289,MDC,05,member-of,exact,https://www.cms.gov/files/zip/fy2026-ipps-fr-table-5.zip
MSDRG,290,MDC,05,member-of,exact,https://www.cms.gov/files/zip/fy2026-ipps-fr-table-5.zip
MSDRG,291,MDC,05,member-of,exact,https://www.cms.gov/files/zip/fy2026-ipps-fr-table-5.zip
MSDRG,292,MDC,05,member-of,exact,https://www.cms.gov/files/zip/fy2026-ipps-fr-table-5.zip
MSDRG,293,MDC,05,member-of,exact,https://www.cms.gov/files/zip/fy2026-ipps-fr-table-5.zip
MSDRG,296,MDC,05,member-of,exact,https://www.cms.gov/files/zip/fy2026-ipps-fr-table-5.zip
MSDRG,297,MDC,05,member-of,exact,https://www.cms.gov/files/zip/fy2026-ipps-fr-table-5.zip
MSDRG,298,MDC,05,member-of,exact,https://www.cms.gov/files/zip/fy2026-ipps-fr-table-5.zip
MSDRG,299,MDC,05,member-of,exact,https://www.cms.gov/files/zip/fy2026-ipps-fr-table-5.zip
MSDRG,300,MDC,05,member-of,exact,https://www.cms.gov/files/zip/fy2026-ipps-fr-table-5.zip
MSDRG,301,MDC,05,member-of,exact,https://www.cms.gov/files/zip/fy2026-ipps-fr-table-5.zip
MSDRG,302,MDC,05,member-of,exact,https://www.cms.gov/files/zip/fy2026-ipps-fr-table-5.zip
MSDRG,303,MDC,05,member-of,exact,https://www.cms.gov/files/zip/fy2026-ipps-fr-table-5.zip
MSDRG,304,MDC,05,member-of,exact,https://www.cms.gov/files/zip/fy2026-ipps-fr-table-5.zip
MSDRG,305,MDC,05,member-of,exact,https://www.cms.gov/files/zip/fy2026-ipps-fr-table-5.zip
MSDRG,306,MDC,05,member-of,exact,https://www.cms.gov/files/zip/fy2026-ipps-fr-table-5.zip
MSDRG,307,MDC,05,member-of,exact,https://www.cms.gov/files/zip/fy2026-ipps-fr-table-5.zip
MSDRG,308,MDC,05,member-of,exact,https://www.cms.gov/files/zip/fy2026-ipps-fr-table-5.zip
MSDRG,309,MDC,05,member-of,exact,https://www.cms.gov/files/zip/fy2026-ipps-fr-table-5.zip
MSDRG,310,MDC,05,member-of,exact,https://www.cms.gov/files/zip/fy2026-ipps-fr-table-5.zip
MSDRG,311,MDC,05,member-of,exact,https://www.cms.gov/files/zip/fy2026-ipps-fr-table-5.zip
MSDRG,312,MDC,05,member-of,exact,https://www.cms.gov/files/zip/fy2026-ipps-fr-table-5.zip
MSDRG,313,MDC,05,member-of,exact,https://www.cms.gov/files/zip/fy2026-ipps-fr-table-5.zip
MSDRG,314,MDC,05,member-of,exact,https://www.cms.gov/files/zip/fy2026-ipps-fr-table-5.zip
MSDRG,315,MDC,05,member-of,exact,https://www.cms.gov/files/zip/fy2026-ipps-fr-table-5.zip
MSDRG,316,MDC,05,member-of,exact,https://www.cms.gov/files/zip/fy2026-ipps-fr-table-5.zip
MSDRG,317,MDC,05,member-of,exact,https://www.cms.gov/files/zip/fy2026-ipps-fr-table-5.zip
MSDRG,318,MDC,05,member-of,exact,https://www.cms.gov/files/zip/fy2026-ipps-fr-table-5.zip
MSDRG,319,MDC,05,member-of,exact,https://www.cms.gov/files/zip/fy2026-ipps-fr-table-5.zip
MSDRG,320,MDC,05,member-of,exact,https://www.cms.gov/files/zip/fy2026-ipps-fr-table-5.zip
MSDRG,321,MDC,05,member-of,exact,https://www.cms.gov/files/zip/fy2026-ipps-fr-table-5.zip
MSDRG,322,MDC,05,member-of,exact,https://www.cms.gov/files/zip/fy2026-ipps-fr-table-5.zip
MSDRG,323,MDC,05,member-of,exact,https://www.cms.gov/files/zip/fy2026-ipps-fr-table-5.zip
MSDRG,324,MDC,05,member-of,exact,https://www.cms.gov/files/zip/fy2026-ipps-fr-table-5.zip
MSDRG,325,MDC,05,member-of,exact,https://www.cms.gov/files/zip/fy2026-ipps-fr-table-5.zip
MSDRG,326,MDC,06,member-of,exact,https://www.cms.gov/files/zip/fy2026-ipps-fr-table-5.zip
MSDRG,327,MDC,06,member-of,exact,https://www.cms.gov/files/zip/fy2026-ipps-fr-table-5.zip
MSDRG,328,MDC,06,member-of,exact,https://www.cms.gov/files/zip/fy2026-ipps-fr-table-5.zip
MSDRG,329,MDC,06,member-of,exact,https://www.cms.gov/files/zip/fy2026-ipps-fr-table-5.zip
MSDRG,330,MDC,06,member-of,exact,https://www.cms.gov/files/zip/fy2026-ipps-fr-table-5.zip
MSDRG,331,MDC,06,member-of,exact,https://www.cms.gov/files/zip/fy2026-ipps-fr-table-5.zip
MSDRG,332,MDC,06,member-of,exact,https://www.cms.gov/files/zip/fy2026-ipps-fr-table-5.zip
MSDRG,333,MDC,06,member-of,exact,https://www.cms.gov/files/zip/fy2026-ipps-fr-table-5.zip
MSDRG,334,MDC,06,member-of,exact,https://www.cms.gov/files/zip/fy2026-ipps-fr-table-5.zip
MSDRG,335,MDC,06,member-of,exact,https://www.cms.gov/files/zip/fy2026-ipps-fr-table-5.zip
MSDRG,336,MDC,06,member-of,exact,https://www.cms.gov/files/zip/fy2026-ipps-fr-table-5.zip
MSDRG,337,MDC,06,member-of,exact,https://www.cms.gov/files/zip/fy2026-ipps-fr-table-5.zip
MSDRG,344,MDC,06,member-of,exact,https://www.cms.gov/files/zip/fy2026-ipps-fr-table-5.zip
MSDRG,345,MDC,06,member-of,exact,https://www.cms.gov/files/zip/fy2026-ipps-fr-table-5.zip
MSDRG,346,MDC,06,member-of,exact,https://www.cms.gov/files/zip/fy2026-ipps-fr-table-5.zip
MSDRG,347,MDC,06,member-of,exact,https://www.cms.gov/files/zip/fy2026-ipps-fr-table-5.zip
MSDRG,348,MDC,06,member-of,exact,https://www.cms.gov/files/zip/fy2026-ipps-fr-table-5.zip
MSDRG,349,MDC,06,member-of,exact,https://www.cms.gov/files/zip/fy2026-ipps-fr-table-5.zip
MSDRG,350,MDC,06,member-of,exact,https://www.cms.gov/files/zip/fy2026-ipps-fr-table-5.zip
MSDRG,351,MDC,06,member-of,exact,https://www.cms.gov/files/zip/fy2026-ipps-fr-table-5.zip
MSDRG,352,MDC,06,member-of,exact,https://www.cms.gov/files/zip/fy2026-ipps-fr-table-5.zip
MSDRG,353,MDC,06,member-of,exact,https://www.cms.gov/files/zip/fy2026-ipps-fr-table-5.zip
MSDRG,354,MDC,06,member-of,exact,https://www.cms.gov/files/zip/fy2026-ipps-fr-table-5.zip
MSDRG,355,MDC,06,member-of,exact,https://www.cms.gov/files/zip/fy2026-ipps-fr-table-5.zip
MSDRG,356,MDC,06,member-of,exact,https://www.cms.gov/files/zip/fy2026-ipps-fr-table-5.zip
MSDRG,357,MDC,06,member-of,exact,https://www.cms.gov/files/zip/fy2026-ipps-fr-table-5.zip
MSDRG,358,MDC,06,member-of,exact,https://www.cms.gov/files/zip/fy2026-ipps-fr-table-5.zip
MSDRG,359,MDC,05,member-of,exact,https://www.cms.gov/files/zip/fy2026-ipps-fr-table-5.zip
MSDRG,360,MDC,05,member-of,exact,https://www.cms.gov/files/zip/fy2026-ipps-fr-table-5.zip
MSDRG,368,MDC,06,member-of,exact,https://www.cms.gov/files/zip/fy2026-ipps-fr-table-5.zip
MSDRG,369,MDC,06,member-of,exact,https://www.cms.gov/files/zip/fy2026-ipps-fr-table-5.zip
MSDRG,370,MDC,06,member-of,exact,https://www.cms.gov/files/zip/fy2026-ipps-fr-table-5.zip
MSDRG,371,MDC,06,member-of,exact,https://www.cms.gov/files/zip/fy2026-ipps-fr-table-5.zip
MSDRG,372,MDC,06,member-of,exact,https://www.cms.gov/files/zip/fy2026-ipps-fr-table-5.zip
MSDRG,373,MDC,06,member-of,exact,https://www.cms.gov/files/zip/fy2026-ipps-fr-table-5.zip
MSDRG,374,MDC,06,member-of,exact,https://www.cms.gov/files/zip/fy2026-ipps-fr-table-5.zip
MSDRG,375,MDC,06,member-of,exact,https://www.cms.gov/files/zip/fy2026-ipps-fr-table-5.zip
MSDRG,376,MDC,06,member-of,exact,https://www.cms.gov/files/zip/fy2026-ipps-fr-table-5.zip
MSDRG,377,MDC,06,member-of,exact,https://www.cms.gov/files/zip/fy2026-ipps-fr-table-5.zip
MSDRG,378,MDC,06,member-of,exact,https://www.cms.gov/files/zip/fy2026-ipps-fr-table-5.zip
MSDRG,379,MDC,06,member-of,exact,https://www.cms.gov/files/zip/fy2026-ipps-fr-table-5.zip
MSDRG,380,MDC,06,member-of,exact,https://www.cms.gov/files/zip/fy2026-ipps-fr-table-5.zip
MSDRG,381,MDC,06,member-of,exact,https://www.cms.gov/files/zip/fy2026-ipps-fr-table-5.zip
MSDRG,382,MDC,06,member-of,exact,https://www.cms.gov/files/zip/fy2026-ipps-fr-table-5.zip
MSDRG,383,MDC,06,member-of,exact,https://www.cms.gov/files/zip/fy2026-ipps-fr-table-5.zip
MSDRG,384,MDC,06,member-of,exact,https://www.cms.gov/files/zip/fy2026-ipps-fr-table-5.zip
MSDRG,385,MDC,06,member-of,exact,https://www.cms.gov/files/zip/fy2026-ipps-fr-table-5.zip
MSDRG,386,MDC,06,member-of,exact,https://www.cms.gov/files/zip/fy2026-ipps-fr-table-5.zip
MSDRG,387,MDC,06,member-of,exact,https://www.cms.gov/files/zip/fy2026-ipps-fr-table-5.zip
MSDRG,388,MDC,06,member-of,exact,https://www.cms.gov/files/zip/fy2026-ipps-fr-table-5.zip
MSDRG,389,MDC,06,member-of,exact,https://www.cms.gov/files/zip/fy2026-ipps-fr-table-5.zip
MSDRG,390,MDC,06,member-of,exact,https://www.cms.gov/files/zip/fy2026-ipps-fr-table-5.zip
MSDRG,391,MDC,06,member-of,exact,https://www.cms.gov/files/zip/fy2026-ipps-fr-table-5.zip
MSDRG,392,MDC,06,member-of,exact,https://www.cms.gov/files/zip/fy2026-ipps-fr-table-5.zip
MSDRG,393,MDC,06,member-of,exact,https://www.cms.gov/files/zip/fy2026-ipps-fr-table-5.zip
MSDRG,394,MDC,06,member-of,exact,https://www.cms.gov/files/zip/fy2026-ipps-fr-table-5.zip
MSDRG,395,MDC,06,member-of,exact,https://www.cms.gov/files/zip/fy2026-ipps-fr-table-5.zip
MSDRG,397,MDC,06,member-of,exact,https://www.cms.gov/files/zip/fy2026-ipps-fr-table-5.zip
MSDRG,398,MDC,06,member-of,exact,https://www.cms.gov/files/zip/fy2026-ipps-fr-table-5.zip
MSDRG,399,MDC,06,member-of,exact,https://www.cms.gov/files/zip/fy2026-ipps-fr-table-5.zip
MSDRG,402,MDC,08,member-of,exact,https://www.cms.gov/files/zip/fy2026-ipps-fr-table-5.zip
MSDRG,405,MDC,07,member-of,exact,https://www.cms.gov/files/zip/fy2026-ipps-fr-table-5.zip
MSDRG,406,MDC,07,member-of,exact,https://www.cms.gov/files/zip/fy2026-ipps-fr-table-5.zip
MSDRG,407,MDC,07,member-of,exact,https://www.cms.gov/files/zip/fy2026-ipps-fr-table-5.zip
MSDRG,408,MDC,07,member-of,exact,https://www.cms.gov/files/zip/fy2026-ipps-fr-table-5.zip
MSDRG,409,MDC,07,member-of,exact,https://www.cms.gov/files/zip/fy2026-ipps-fr-table-5.zip
MSDRG,410,MDC,07,member-of,exact,https://www.cms.gov/files/zip/fy2026-ipps-fr-table-5.zip
MSDRG,411,MDC,07,member-of,exact,https://www.cms.gov/files/zip/fy2026-ipps-fr-table-5.zip
MSDRG,412,MDC,07,member-of,exact,https://www.cms.gov/files/zip/fy2026-ipps-fr-table-5.zip
MSDRG,413,MDC,07,member-of,exact,https://www.cms.gov/files/zip/fy2026-ipps-fr-table-5.zip
MSDRG,414,MDC,07,member-of,exact,https://www.cms.gov/files/zip/fy2026-ipps-fr-table-5.zip
MSDRG,415,MDC,07,member-of,exact,https://www.cms.gov/files/zip/fy2026-ipps-fr-table-5.zip
MSDRG,416,MDC,07,member-of,exact,https://www.cms.gov/files/zip/fy2026-ipps-fr-table-5.zip
MSDRG,417,MDC,07,member-of,exact,https://www.cms.gov/files/zip/fy2026-ipps-fr-table-5.zip
MSDRG,418,MDC,07,member-of,exact,https://www.cms.gov/files/zip/fy2026-ipps-fr-table-5.zip
MSDRG,419,MDC,07,member-of,exact,https://www.cms.gov/files/zip/fy2026-ipps-fr-table-5.zip
MSDRG,420,MDC,07,member-of,exact,https://www.cms.gov/files/zip/fy2026-ipps-fr-table-5.zip
MSDRG,421,MDC,07,member-of,exact,https://www.cms.gov/files/zip/fy2026-ipps-fr-table-5.zip
MSDRG,422,MDC,07,member-of,exact,https://www.cms.gov/files/zip/fy2026-ipps-fr-table-5.zip
MSDRG,423,MDC,07,member-of,exact,https://www.cms.gov/files/zip/fy2026-ipps-fr-table-5.zip
MSDRG,424,MDC,07,member-of,exact,https://www.cms.gov/files/zip/fy2026-ipps-fr-table-5.zip
MSDRG,425,MDC,07,member-of,exact,https://www.cms.gov/files/zip/fy2026-ipps-fr-table-5.zip
MSDRG,426,MDC,08,member-of,exact,https://www.cms.gov/files/zip/fy2026-ipps-fr-table-5.zip
MSDRG,427,MDC,08,member-of,exact,https://www.cms.gov/files/zip/fy2026-ipps-fr-table-5.zip
MSDRG,428,MDC,08,member-of,exact,https://www.cms.gov/files/zip/fy2026-ipps-fr-table-5.zip
MSDRG,429,MDC,08,member-of,exact,https://www.cms.gov/files/zip/fy2026-ipps-fr-table-5.zip
MSDRG,430,MDC,08,member-of,exact,https://www.cms.gov/files/zip/fy2026-ipps-fr-table-5.zip
MSDRG,432,MDC,07,member-of,exact,https://www.cms.gov/files/zip/fy2026-ipps-fr-table-5.zip
MSDRG,433,MDC,07,member-of,exact,https://www.cms.gov/files/zip/fy2026-ipps-fr-table-5.zip
MSDRG,434,MDC,07,member-of,exact,https://www.cms.gov/files/zip/fy2026-ipps-fr-table-5.zip
MSDRG,435,MDC,07,member-of,exact,https://www.cms.gov/files/zip/fy2026-ipps-fr-table-5.zip
MSDRG,436,MDC,07,member-of,exact,https://www.cms.gov/files/zip/fy2026-ipps-fr-table-5.zip
MSDRG,437,MDC,07,member-of,exact,https://www.cms.gov/files/zip/fy2026-ipps-fr-table-5.zip
MSDRG,438,MDC,07,member-of,exact,https://www.cms.gov/files/zip/fy2026-ipps-fr-table-5.zip
MSDRG,439,MDC,07,member-of,exact,https://www.cms.gov/files/zip/fy2026-ipps-fr-table-5.zip
MSDRG,440,MDC,07,member-of,exact,https://www.cms.gov/files/zip/fy2026-ipps-fr-table-5.zip
MSDRG,441,MDC,07,member-of,exact,https://www.cms.gov/files/zip/fy2026-ipps-fr-table-5.zip
MSDRG,442,MDC,07,member-of,exact,https://www.cms.gov/files/zip/fy2026-ipps-fr-table-5.zip
MSDRG,443,MDC,07,member-of,exact,https://www.cms.gov/files/zip/fy2026-ipps-fr-table-5.zip
MSDRG,444,MDC,07,member-of,exact,https://www.cms.gov/files/zip/fy2026-ipps-fr-table-5.zip
MSDRG,445,MDC,07,member-of,exact,https://www.cms.gov/files/zip/fy2026-ipps-fr-table-5.zip
MSDRG,446,MDC,07,member-of,exact,https://www.cms.gov/files/zip/fy2026-ipps-fr-table-5.zip
MSDRG,447,MDC,08,member-of,exact,https://www.cms.gov/files/zip/fy2026-ipps-fr-table-5.zip
MSDRG,448,MDC,08,member-of,exact,https://www.cms.gov/files/zip/fy2026-ipps-fr-table-5.zip
MSDRG,450,MDC,08,member-of,exact,https://www.cms.gov/files/zip/fy2026-ipps-fr-table-5.zip
MSDRG,451,MDC,08,member-of,exact,https://www.cms.gov/files/zip/fy2026-ipps-fr-table-5.zip
MSDRG,456,MDC,08,member-of,exact,https://www.cms.gov/files/zip/fy2026-ipps-fr-table-5.zip
MSDRG,457,MDC,08,member-of,exact,https://www.cms.gov/files/zip/fy2026-ipps-fr-table-5.zip
MSDRG,458,MDC,08,member-of,exact,https://www.cms.gov/files/zip/fy2026-ipps-fr-table-5.zip
MSDRG,461,MDC,08,member-of,exact,https://www.cms.gov/files/zip/fy2026-ipps-fr-table-5.zip
MSDRG,462,MDC,08,member-of,exact,https://www.cms.gov/files/zip/fy2026-ipps-fr-table-5.zip
MSDRG,463,MDC,08,member-of,exact,https://www.cms.gov/files/zip/fy2026-ipps-fr-table-5.zip
MSDRG,464,MDC,08,member-of,exact,https://www.cms.gov/files/zip/fy2026-ipps-fr-table-5.zip
MSDRG,465,MDC,08,member-of,exact,https://www.cms.gov/files/zip/fy2026-ipps-fr-table-5.zip
MSDRG,466,MDC,08,member-of,exact,https://www.cms.gov/files/zip/fy2026-ipps-fr-table-5.zip
MSDRG,467,MDC,08,member-of,exact,https://www.cms.gov/files/zip/fy2026-ipps-fr-table-5.zip
MSDRG,468,MDC,08,member-of,exact,https://www.cms.gov/files/zip/fy2026-ipps-fr-table-5.zip
MSDRG,469,MDC,08,member-of,exact,https://www.cms.gov/files/zip/fy2026-ipps-fr-table-5.zip
MSDRG,470,MDC,08,member-of,exact,https://www.cms.gov/files/zip/fy2026-ipps-fr-table-5.zip
MSDRG,471,MDC,08,member-of,exact,https://www.cms.gov/files/zip/fy2026-ipps-fr-table-5.zip
MSDRG,472,MDC,08,member-of,exact,https://www.cms.gov/files/zip/fy2026-ipps-fr-table-5.zip
MSDRG,473,MDC,08,member-of,exact,https://www.cms.gov/files/zip/fy2026-ipps-fr-table-5.zip
MSDRG,474,MDC,08,member-of,exact,https://www.cms.gov/files/zip/fy2026-ipps-fr-table-5.zip
MSDRG,475,MDC,08,member-of,exact,https://www.cms.gov/files/zip/fy2026-ipps-fr-table-5.zip
MSDRG,476,MDC,08,member-of,exact,https://www.cms.gov/files/zip/fy2026-ipps-fr-table-5.zip
MSDRG,477,MDC,08,member-of,exact,https://www.cms.gov/files/zip/fy2026-ipps-fr-table-5.zip
MSDRG,478,MDC,08,member-of,exact,https://www.cms.gov/files/zip/fy2026-ipps-fr-table-5.zip
MSDRG,479,MDC,08,member-of,exact,https://www.cms.gov/files/zip/fy2026-ipps-fr-table-5.zip
MSDRG,480,MDC,08,member-of,exact,https://www.cms.gov/files/zip/fy2026-ipps-fr-table-5.zip
MSDRG,481,MDC,08,member-of,exact,https://www.cms.gov/files/zip/fy2026-ipps-fr-table-5.zip
MSDRG,482,MDC,08,member-of,exact,https://www.cms.gov/files/zip/fy2026-ipps-fr-table-5.zip
MSDRG,483,MDC,08,member-of,exact,https://www.cms.gov/files/zip/fy2026-ipps-fr-table-5.zip
MSDRG,485,MDC,08,member-of,exact,https://www.cms.gov/files/zip/fy2026-ipps-fr-table-5.zip
MSDRG,486,MDC,08,member-of,exact,https://www.cms.gov/files/zip/fy2026-ipps-fr-table-5.zip
MSDRG,487,MDC,08,member-of,exact,https://www.cms.gov/files/zip/fy2026-ipps-fr-table-5.zip
MSDRG,488,MDC,08,member-of,exact,https://www.cms.gov/files/zip/fy2026-ipps-fr-table-5.zip
MSDRG,489,MDC,08,member-of,exact,https://www.cms.gov/files/zip/fy2026-ipps-fr-table-5.zip
MSDRG,492,MDC,08,member-of,exact,https://www.cms.gov/files/zip/fy2026-ipps-fr-table-5.zip
MSDRG,493,MDC,08,member-of,exact,https://www.cms.gov/files/zip/fy2026-ipps-fr-table-5.zip
MSDRG,494,MDC,08,member-of,exact,https://www.cms.gov/files/zip/fy2026-ipps-fr-table-5.zip
MSDRG,495,MDC,08,member-of,exact,https://www.cms.gov/files/zip/fy2026-ipps-fr-table-5.zip
MSDRG,496,MDC,08,member-of,exact,https://www.cms.gov/files/zip/fy2026-ipps-fr-table-5.zip
MSDRG,497,MDC,08,member-of,exact,https://www.cms.gov/files/zip/fy2026-ipps-fr-table-5.zip
MSDRG,498,MDC,08,member-of,exact,https://www.cms.gov/files/zip/fy2026-ipps-fr-table-5.zip
MSDRG,499,MDC,08,member-of,exact,https://www.cms.gov/files/zip/fy2026-ipps-fr-table-5.zip
MSDRG,500,MDC,08,member-of,exact,https://www.cms.gov/files/zip/fy2026-ipps-fr-table-5.zip
MSDRG,501,MDC,08,member-of,exact,https://www.cms.gov/files/zip/fy2026-ipps-fr-table-5.zip
MSDRG,502,MDC,08,member-of,exact,https://www.cms.gov/files/zip/fy2026-ipps-fr-table-5.zip
MSDRG,503,MDC,08,member-of,exact,https://www.cms.gov/files/zip/fy2026-ipps-fr-table-5.zip
MSDRG,504,MDC,08,member-of,exact,https://www.cms.gov/files/zip/fy2026-ipps-fr-table-5.zip
MSDRG,505,MDC,08,member-of,exact,https://www.cms.gov/files/zip/fy2026-ipps-fr-table-5.zip
MSDRG,506,MDC,08,member-of,exact,https://www.cms.gov/files/zip/fy2026-ipps-fr-table-5.zip
MSDRG,507,MDC,08,member-of,exact,https://www.cms.gov/files/zip/fy2026-ipps-fr-table-5.zip
MSDRG,508,MDC,08,member-of,exact,https://www.cms.gov/files/zip/fy2026-ipps-fr-table-5.zip
MSDRG,510,MDC,08,member-of,exact,https://www.cms.gov/files/zip/fy2026-ipps-fr-table-5.zip
MSDRG,511,MDC,08,member-of,exact,https://www.cms.gov/files/zip/fy2026-ipps-fr-table-5.zip
MSDRG,512,MDC,08,member-of,exact,https://www.cms.gov/files/zip/fy2026-ipps-fr-table-5.zip
MSDRG,513,MDC,08,member-of,exact,https://www.cms.gov/files/zip/fy2026-ipps-fr-table-5.zip
MSDRG,514,MDC,08,member-of,exact,https://www.cms.gov/files/zip/fy2026-ipps-fr-table-5.zip
MSDRG,515,MDC,08,member-of,exact,https://www.cms.gov/files/zip/fy2026-ipps-fr-table-5.zip
MSDRG,516,MDC,08,member-of,exact,https://www.cms.gov/files/zip/fy2026-ipps-fr-table-5.zip
MSDRG,517,MDC,08,member-of,exact,https://www.cms.gov/files/zip/fy2026-ipps-fr-table-5.zip
MSDRG,518,MDC,08,member-of,exact,https://www.cms.gov/files/zip/fy2026-ipps-fr-table-5.zip
MSDRG,519,MDC,08,member-of,exact,https://www.cms.gov/files/zip/fy2026-ipps-fr-table-5.zip
MSDRG,520,MDC,08,member-of,exact,https://www.cms.gov/files/zip/fy2026-ipps-fr-table-5.zip
MSDRG,521,MDC,08,member-of,exact,https://www.cms.gov/files/zip/fy2026-ipps-fr-table-5.zip
MSDRG,522,MDC,08,member-of,exact,https://www.cms.gov/files/zip/fy2026-ipps-fr-table-5.zip
MSDRG,533,MDC,08,member-of,exact,https://www.cms.gov/files/zip/fy2026-ipps-fr-table-5.zip
MSDRG,534,MDC,08,member-of,exact,https://www.cms.gov/files/zip/fy2026-ipps-fr-table-5.zip
MSDRG,535,MDC,08,member-of,exact,https://www.cms.gov/files/zip/fy2026-ipps-fr-table-5.zip
MSDRG,536,MDC,08,member-of,exact,https://www.cms.gov/files/zip/fy2026-ipps-fr-table-5.zip
MSDRG,537,MDC,08,member-of,exact,https://www.cms.gov/files/zip/fy2026-ipps-fr-table-5.zip
MSDRG,538,MDC,08,member-of,exact,https://www.cms.gov/files/zip/fy2026-ipps-fr-table-5.zip
MSDRG,539,MDC,08,member-of,exact,https://www.cms.gov/files/zip/fy2026-ipps-fr-table-5.zip
MSDRG,540,MDC,08,member-of,exact,https://www.cms.gov/files/zip/fy2026-ipps-fr-table-5.zip
MSDRG,541,MDC,08,member-of,exact,https://www.cms.gov/files/zip/fy2026-ipps-fr-table-5.zip
MSDRG,542,MDC,08,member-of,exact,https://www.cms.gov/files/zip/fy2026-ipps-fr-table-5.zip
MSDRG,543,MDC,08,member-of,exact,https://www.cms.gov/files/zip/fy2026-ipps-fr-table-5.zip
MSDRG,544,MDC,08,member-of,exact,https://www.cms.gov/files/zip/fy2026-ipps-fr-table-5.zip
MSDRG,545,MDC,08,member-of,exact,https://www.cms.gov/files/zip/fy2026-ipps-fr-table-5.zip
MSDRG,546,MDC,08,member-of,exact,https://www.cms.gov/files/zip/fy2026-ipps-fr-table-5.zip
MSDRG,547,MDC,08,member-of,exact,https://www.cms.gov/files/zip/fy2026-ipps-fr-table-5.zip
MSDRG,548,MDC,08,member-of,exact,https://www.cms.gov/files/zip/fy2026-ipps-fr-table-5.zip
MSDRG,549,MDC,08,member-of,exact,https://www.cms.gov/files/zip/fy2026-ipps-fr-table-5.zip
MSDRG,550,MDC,08,member-of,exact,https://www.cms.gov/files/zip/fy2026-ipps-fr-table-5.zip
MSDRG,551,MDC,08,member-of,exact,https://www.cms.gov/files/zip/fy2026-ipps-fr-table-5.zip
MSDRG,552,MDC,08,member-of,exact,https://www.cms.gov/files/zip/fy2026-ipps-fr-table-5.zip
MSDRG,553,MDC,08,member-of,exact,https://www.cms.gov/files/zip/fy2026-ipps-fr-table-5.zip
MSDRG,554,MDC,08,member-of,exact,https://www.cms.gov/files/zip/fy2026-ipps-fr-table-5.zip
MSDRG,555,MDC,08,member-of,exact,https://www.cms.gov/files/zip/fy2026-ipps-fr-table-5.zip
MSDRG,556,MDC,08,member-of,exact,https://www.cms.gov/files/zip/fy2026-ipps-fr-table-5.zip
MSDRG,557,MDC,08,member-of,exact,https://www.cms.gov/files/zip/fy2026-ipps-fr-table-5.zip
MSDRG,558,MDC,08,member-of,exact,https://www.cms.gov/files/zip/fy2026-ipps-fr-table-5.zip
MSDRG,559,MDC,08,member-of,exact,https://www.cms.gov/files/zip/fy2026-ipps-fr-table-5.zip
MSDRG,560,MDC,08,member-of,exact,https://www.cms.gov/files/zip/fy2026-ipps-fr-table-5.zip
MSDRG,561,MDC,08,member-of,exact,https://www.cms.gov/files/zip/fy2026-ipps-fr-table-5.zip
MSDRG,562,MDC,08,member-of,exact,https://www.cms.gov/files/zip/fy2026-ipps-fr-table-5.zip
MSDRG,563,MDC,08,member-of,exact,https://www.cms.gov/files/zip/fy2026-ipps-fr-table-5.zip
MSDRG,564,MDC,08,member-of,exact,https://www.cms.gov/files/zip/fy2026-ipps-fr-table-5.zip
MSDRG,565,MDC,08,member-of,exact,https://www.cms.gov/files/zip/fy2026-ipps-fr-table-5.zip
MSDRG,566,MDC,08,member-of,exact,https://www.cms.gov/files/zip/fy2026-ipps-fr-table-5.zip
MSDRG,570,MDC,09,member-of,exact,https://www.cms.gov/files/zip/fy2026-ipps-fr-table-5.zip
MSDRG,571,MDC,09,member-of,exact,https://www.cms.gov/files/zip/fy2026-ipps-fr-table-5.zip
MSDRG,572,MDC,09,member-of,exact,https://www.cms.gov/files/zip/fy2026-ipps-fr-table-5.zip
MSDRG,573,MDC,09,member-of,exact,https://www.cms.gov/files/zip/fy2026-ipps-fr-table-5.zip
MSDRG,574,MDC,09,member-of,exact,https://www.cms.gov/files/zip/fy2026-ipps-fr-table-5.zip
MSDRG,575,MDC,09,member-of,exact,https://www.cms.gov/files/zip/fy2026-ipps-fr-table-5.zip
MSDRG,576,MDC,09,member-of,exact,https://www.cms.gov/files/zip/fy2026-ipps-fr-table-5.zip
MSDRG,577,MDC,09,member-of,exact,https://www.cms.gov/files/zip/fy2026-ipps-fr-table-5.zip
MSDRG,578,MDC,09,member-of,exact,https://www.cms.gov/files/zip/fy2026-ipps-fr-table-5.zip
MSDRG,579,MDC,09,member-of,exact,https://www.cms.gov/files/zip/fy2026-ipps-fr-table-5.zip
MSDRG,580,MDC,09,member-of,exact,https://www.cms.gov/files/zip/fy2026-ipps-fr-table-5.zip
MSDRG,581,MDC,09,member-of,exact,https://www.cms.gov/files/zip/fy2026-ipps-fr-table-5.zip
MSDRG,582,MDC,09,member-of,exact,https://www.cms.gov/files/zip/fy2026-ipps-fr-table-5.zip
MSDRG,583,MDC,09,member-of,exact,https://www.cms.gov/files/zip/fy2026-ipps-fr-table-5.zip
MSDRG,584,MDC,09,member-of,exact,https://www.cms.gov/files/zip/fy2026-ipps-fr-table-5.zip
MSDRG,585,MDC,09,member-of,exact,https://www.cms.gov/files/zip/fy2026-ipps-fr-table-5.zip
MSDRG,592,MDC,09,member-of,exact,https://www.cms.gov/files/zip/fy2026-ipps-fr-table-5.zip
MSDRG,593,MDC,09,member-of,exact,https://www.cms.gov/files/zip/fy2026-ipps-fr-table-5.zip
MSDRG,594,MDC,09,member-of,exact,https://www.cms.gov/files/zip/fy2026-ipps-fr-table-5.zip
MSDRG,595,MDC,09,member-of,exact,https://www.cms.gov/files/zip/fy2026-ipps-fr-table-5.zip
MSDRG,596,MDC,09,member-of,exact,https://www.cms.gov/files/zip/fy2026-ipps-fr-table-5.zip
MSDRG,597,MDC,09,member-of,exact,https://www.cms.gov/files/zip/fy2026-ipps-fr-table-5.zip
MSDRG,598,MDC,09,member-of,exact,https://www.cms.gov/files/zip/fy2026-ipps-fr-table-5.zip
MSDRG,599,MDC,09,member-of,exact,https://www.cms.gov/files/zip/fy2026-ipps-fr-table-5.zip
MSDRG,600,MDC,09,member-of,exact,https://www.cms.gov/files/zip/fy2026-ipps-fr-table-5.zip
MSDRG,601,MDC,09,member-of,exact,https://www.cms.gov/files/zip/fy2026-ipps-fr-table-5.zip
MSDRG,602,MDC,09,member-of,exact,https://www.cms.gov/files/zip/fy2026-ipps-fr-table-5.zip
MSDRG,603,MDC,09,member-of,exact,https://www.cms.gov/files/zip/fy2026-ipps-fr-table-5.zip
MSDRG,604,MDC,09,member-of,exact,https://www.cms.gov/files/zip/fy2026-ipps-fr-table-5.zip
MSDRG,605,MDC,09,member-of,exact,https://www.cms.gov/files/zip/fy2026-ipps-fr-table-5.zip
MSDRG,606,MDC,09,member-of,exact,https://www.cms.gov/files/zip/fy2026-ipps-fr-table-5.zip
MSDRG,607,MDC,09,member-of,exact,https://www.cms.gov/files/zip/fy2026-ipps-fr-table-5.zip
MSDRG,614,MDC,10,member-of,exact,https://www.cms.gov/files/zip/fy2026-ipps-fr-table-5.zip
MSDRG,615,MDC,10,member-of,exact,https://www.cms.gov/files/zip/fy2026-ipps-fr-table-5.zip
MSDRG,616,MDC,10,member-of,exact,https://www.cms.gov/files/zip/fy2026-ipps-fr-table-5.zip
MSDRG,617,MDC,10,member-of,exact,https://www.cms.gov/files/zip/fy2026-ipps-fr-table-5.zip
MSDRG,618,MDC,10,member-of,exact,https://www.cms.gov/files/zip/fy2026-ipps-fr-table-5.zip
MSDRG,619,MDC,10,member-of,exact,https://www.cms.gov/files/zip/fy2026-ipps-fr-table-5.zip
MSDRG,620,MDC,10,member-of,exact,https://www.cms.gov/files/zip/fy2026-ipps-fr-table-5.zip
MSDRG,621,MDC,10,member-of,exact,https://www.cms.gov/files/zip/fy2026-ipps-fr-table-5.zip
MSDRG,622,MDC,10,member-of,exact,https://www.cms.gov/files/zip/fy2026-ipps-fr-table-5.zip
MSDRG,623,MDC,10,member-of,exact,https://www.cms.gov/files/zip/fy2026-ipps-fr-table-5.zip
MSDRG,624,MDC,10,member-of,exact,https://www.cms.gov/files/zip/fy2026-ipps-fr-table-5.zip
MSDRG,625,MDC,10,member-of,exact,https://www.cms.gov/files/zip/fy2026-ipps-fr-table-5.zip
MSDRG,626,MDC,10,member-of,exact,https://www.cms.gov/files/zip/fy2026-ipps-fr-table-5.zip
MSDRG,627,MDC,10,member-of,exact,https://www.cms.gov/files/zip/fy2026-ipps-fr-table-5.zip
MSDRG,628,MDC,10,member-of,exact,https://www.cms.gov/files/zip/fy2026-ipps-fr-table-5.zip
MSDRG,629,MDC,10,member-of,exact,https://www.cms.gov/files/zip/fy2026-ipps-fr-table-5.zip
MSDRG,630,MDC,10,member-of,exact,https://www.cms.gov/files/zip/fy2026-ipps-fr-table-5.zip
MSDRG,637,MDC,10,member-of,exact,https://www.cms.gov/files/zip/fy2026-ipps-fr-table-5.zip
MSDRG,638,MDC,10,member-of,exact,https://www.cms.gov/files/zip/fy2026-ipps-fr-table-5.zip
MSDRG,639,MDC,10,member-of,exact,https://www.cms.gov/files/zip/fy2026-ipps-fr-table-5.zip
MSDRG,640,MDC,10,member-of,exact,https://www.cms.gov/files/zip/fy2026-ipps-fr-table-5.zip
MSDRG,641,MDC,10,member-of,exact,https://www.cms.gov/files/zip/fy2026-ipps-fr-table-5.zip
MSDRG,642,MDC,10,member-of,exact,https://www.cms.gov/files/zip/fy2026-ipps-fr-table-5.zip
MSDRG,643,MDC,10,member-of,exact,https://www.cms.gov/files/zip/fy2026-ipps-fr-table-5.zip
MSDRG,644,MDC,10,member-of,exact,https://www.cms.gov/files/zip/fy2026-ipps-fr-table-5.zip
MSDRG,645,MDC,10,member-of,exact,https://www.cms.gov/files/zip/fy2026-ipps-fr-table-5.zip
MSDRG,650,MDC,11,member-of,exact,https://www.cms.gov/files/zip/fy2026-ipps-fr-table-5.zip
MSDRG,651,MDC,11,member-of,exact,https://www.cms.gov/files/zip/fy2026-ipps-fr-table-5.zip
MSDRG,652,MDC,11,member-of,exact,https://www.cms.gov/files/zip/fy2026-ipps-fr-table-5.zip
MSDRG,653,MDC,11,member-of,exact,https://www.cms.gov/files/zip/fy2026-ipps-fr-table-5.zip
MSDRG,654,MDC,11,member-of,exact,https://www.cms.gov/files/zip/fy2026-ipps-fr-table-5.zip
MSDRG,655,MDC,11,member-of,exact,https://www.cms.gov/files/zip/fy2026-ipps-fr-table-5.zip
MSDRG,656,MDC,11,member-of,exact,https://www.cms.gov/files/zip/fy2026-ipps-fr-table-5.zip
MSDRG,657,MDC,11,member-of,exact,https://www.cms.gov/files/zip/fy2026-ipps-fr-table-5.zip
MSDRG,658,MDC,11,member-of,exact,https://www.cms.gov/files/zip/fy2026-ipps-fr-table-5.zip
MSDRG,659,MDC,11,member-of,exact,https://www.cms.gov/files/zip/fy2026-ipps-fr-table-5.zip
MSDRG,660,MDC,11,member-of,exact,https://www.cms.gov/files/zip/fy2026-ipps-fr-table-5.zip
MSDRG,661,MDC,11,member-of,exact,https://www.cms.gov/files/zip/fy2026-ipps-fr-table-5.zip
MSDRG,662,MDC,11,member-of,exact,https://www.cms.gov/files/zip/fy2026-ipps-fr-table-5.zip
MSDRG,663,MDC,11,member-of,exact,https://www.cms.gov/files/zip/fy2026-ipps-fr-table-5.zip
MSDRG,664,MDC,11,member-of,exact,https://www.cms.gov/files/zip/fy2026-ipps-fr-table-5.zip
MSDRG,665,MDC,11,member-of,exact,https://www.cms.gov/files/zip/fy2026-ipps-fr-table-5.zip
MSDRG,666,MDC,11,member-of,exact,https://www.cms.gov/files/zip/fy2026-ipps-fr-table-5.zip
MSDRG,667,MDC,11,member-of,exact,https://www.cms.gov/files/zip/fy2026-ipps-fr-table-5.zip
MSDRG,668,MDC,11,member-of,exact,https://www.cms.gov/files/zip/fy2026-ipps-fr-table-5.zip
MSDRG,669,MDC,11,member-of,exact,https://www.cms.gov/files/zip/fy2026-ipps-fr-table-5.zip
MSDRG,670,MDC,11,member-of,exact,https://www.cms.gov/files/zip/fy2026-ipps-fr-table-5.zip
MSDRG,671,MDC,11,member-of,exact,https://www.cms.gov/files/zip/fy2026-ipps-fr-table-5.zip
MSDRG,672,MDC,11,member-of,exact,https://www.cms.gov/files/zip/fy2026-ipps-fr-table-5.zip
MSDRG,673,MDC,11,member-of,exact,https://www.cms.gov/files/zip/fy2026-ipps-fr-table-5.zip
MSDRG,674,MDC,11,member-of,exact,https://www.cms.gov/files/zip/fy2026-ipps-fr-table-5.zip
MSDRG,675,MDC,11,member-of,exact,https://www.cms.gov/files/zip/fy2026-ipps-fr-table-5.zip
MSDRG,682,MDC,11,member-of,exact,https://www.cms.gov/files/zip/fy2026-ipps-fr-table-5.zip
MSDRG,683,MDC,11,member-of,exact,https://www.cms.gov/files/zip/fy2026-ipps-fr-table-5.zip
MSDRG,684,MDC,11,member-of,exact,https://www.cms.gov/files/zip/fy2026-ipps-fr-table-5.zip
MSDRG,686,MDC,11,member-of,exact,https://www.cms.gov/files/zip/fy2026-ipps-fr-table-5.zip
MSDRG,687,MDC,11,member-of,exact,https://www.cms.gov/files/zip/fy2026-ipps-fr-table-5.zip
MSDRG,688,MDC,11,member-of,exact,https://www.cms.gov/files/zip/fy2026-ipps-fr-table-5.zip
MSDRG,689,MDC,11,member-of,exact,https://www.cms.gov/files/zip/fy2026-ipps-fr-table-5.zip
MSDRG,690,MDC,11,member-of,exact,https://www.cms.gov/files/zip/fy2026-ipps-fr-table-5.zip
MSDRG,693,MDC,11,member-of,exact,https://www.cms.gov/files/zip/fy2026-ipps-fr-table-5.zip
MSDRG,694,MDC,11,member-of,exact,https://www.cms.gov/files/zip/fy2026-ipps-fr-table-5.zip
MSDRG,695,MDC,11,member-of,exact,https://www.cms.gov/files/zip/fy2026-ipps-fr-table-5.zip
MSDRG,696,MDC,11,member-of,exact,https://www.cms.gov/files/zip/fy2026-ipps-fr-table-5.zip
MSDRG,697,MDC,11,member-of,exact,https://www.cms.gov/files/zip/fy2026-ipps-fr-table-5.zip
MSDRG,698,MDC,11,member-of,exact,https://www.cms.gov/files/zip/fy2026-ipps-fr-table-5.zip
MSDRG,699,MDC,11,member-of,exact,https://www.cms.gov/files/zip/fy2026-ipps-fr-table-5.zip
MSDRG,700,MDC,11,member-of,exact,https://www.cms.gov/files/zip/fy2026-ipps-fr-table-5.zip
MSDRG,707,MDC,12,member-of,exact,https://www.cms.gov/files/zip/fy2026-ipps-fr-table-5.zip
MSDRG,708,MDC,12,member-of,exact,https://www.cms.gov/files/zip/fy2026-ipps-fr-table-5.zip
MSDRG,709,MDC,12,member-of,exact,https://www.cms.gov/files/zip/fy2026-ipps-fr-table-5.zip
MSDRG,710,MDC,12,member-of,exact,https://www.cms.gov/files/zip/fy2026-ipps-fr-table-5.zip
MSDRG,711,MDC,12,member-of,exact,https://www.cms.gov/files/zip/fy2026-ipps-fr-table-5.zip
MSDRG,712,MDC,12,member-of,exact,https://www.cms.gov/files/zip/fy2026-ipps-fr-table-5.zip
MSDRG,713,MDC,12,member-of,exact,https://www.cms.gov/files/zip/fy2026-ipps-fr-table-5.zip
MSDRG,714,MDC,12,member-of,exact,https://www.cms.gov/files/zip/fy2026-ipps-fr-table-5.zip
MSDRG,715,MDC,12,member-of,exact,https://www.cms.gov/files/zip/fy2026-ipps-fr-table-5.zip
MSDRG,716,MDC,12,member-of,exact,https://www.cms.gov/files/zip/fy2026-ipps-fr-table-5.zip
MSDRG,717,MDC,12,member-of,exact,https://www.cms.gov/files/zip/fy2026-ipps-fr-table-5.zip
MSDRG,718,MDC,12,member-of,exact,https://www.cms.gov/files/zip/fy2026-ipps-fr-table-5.zip
MSDRG,722,MDC,12,member-of,exact,https://www.cms.gov/files/zip/fy2026-ipps-fr-table-5.zip
MSDRG,723,MDC,12,member-of,exact,https://www.cms.gov/files/zip/fy2026-ipps-fr-table-5.zip
MSDRG,724,MDC,12,member-of,exact,https://www.cms.gov/files/zip/fy2026-ipps-fr-table-5.zip
MSDRG,725,MDC,12,member-of,exact,https://www.cms.gov/files/zip/fy2026-ipps-fr-table-5.zip
MSDRG,726,MDC,12,member-of,exact,https://www.cms.gov/files/zip/fy2026-ipps-fr-table-5.zip
MSDRG,727,MDC,12,member-of,exact,https://www.cms.gov/files/zip/fy2026-ipps-fr-table-5.zip
MSDRG,728,MDC,12,member-of,exact,https://www.cms.gov/files/zip/fy2026-ipps-fr-table-5.zip
MSDRG,729,MDC,12,member-of,exact,https://www.cms.gov/files/zip/fy2026-ipps-fr-table-5.zip
MSDRG,730,MDC,12,member-of,exact,https://www.cms.gov/files/zip/fy2026-ipps-fr-table-5.zip
MSDRG,734,MDC,13,member-of,exact,https://www.cms.gov/files/zip/fy2026-ipps-fr-table-5.zip
MSDRG,735,MDC,13,member-of,exact,https://www.cms.gov/files/zip/fy2026-ipps-fr-table-5.zip
MSDRG,736,MDC,13,member-of,exact,https://www.cms.gov/files/zip/fy2026-ipps-fr-table-5.zip
MSDRG,737,MDC,13,member-of,exact,https://www.cms.gov/files/zip/fy2026-ipps-fr-table-5.zip
MSDRG,738,MDC,13,member-of,exact,https://www.cms.gov/files/zip/fy2026-ipps-fr-table-5.zip
MSDRG,739,MDC,13,member-of,exact,https://www.cms.gov/files/zip/fy2026-ipps-fr-table-5.zip
MSDRG,740,MDC,13,member-of,exact,https://www.cms.gov/files/zip/fy2026-ipps-fr-table-5.zip
MSDRG,741,MDC,13,member-of,exact,https://www.cms.gov/files/zip/fy2026-ipps-fr-table-5.zip
MSDRG,742,MDC,13,member-of,exact,https://www.cms.gov/files/zip/fy2026-ipps-fr-table-5.zip
MSDRG,743,MDC,13,member-of,exact,https://www.cms.gov/files/zip/fy2026-ipps-fr-table-5.zip
MSDRG,744,MDC,13,member-of,exact,https://www.cms.gov/files/zip/fy2026-ipps-fr-table-5.zip
MSDRG,745,MDC,13,member-of,exact,https://www.cms.gov/files/zip/fy2026-ipps-fr-table-5.zip
MSDRG,746,MDC,13,member-of,exact,https://www.cms.gov/files/zip/fy2026-ipps-fr-table-5.zip
MSDRG,747,MDC,13,member-of,exact,https://www.cms.gov/files/zip/fy2026-ipps-fr-table-5.zip
MSDRG,748,MDC,13,member-of,exact,https://www.cms.gov/files/zip/fy2026-ipps-fr-table-5.zip
MSDRG,749,MDC,13,member-of,exact,https://www.cms.gov/files/zip/fy2026-ipps-fr-table-5.zip
MSDRG,750,MDC,13,member-of,exact,https://www.cms.gov/files/zip/fy2026-ipps-fr-table-5.zip
MSDRG,754,MDC,13,member-of,exact,https://www.cms.gov/files/zip/fy2026-ipps-fr-table-5.zip
MSDRG,755,MDC,13,member-of,exact,https://www.cms.gov/files/zip/fy2026-ipps-fr-table-5.zip
MSDRG,756,MDC,13,member-of,exact,https://www.cms.gov/files/zip/fy2026-ipps-fr-table-5.zip
MSDRG,757,MDC,13,member-of,exact,https://www.cms.gov/files/zip/fy2026-ipps-fr-table-5.zip
MSDRG,758,MDC,13,member-of,exact,https://www.cms.gov/files/zip/fy2026-ipps-fr-table-5.zip
MSDRG,759,MDC,13,member-of,exact,https://www.cms.gov/files/zip/fy2026-ipps-fr-table-5.zip
MSDRG,760,MDC,13,member-of,exact,https://www.cms.gov/files/zip/fy2026-ipps-fr-table-5.zip
MSDRG,761,MDC,13,member-of,exact,https://www.cms.gov/files/zip/fy2026-ipps-fr-table-5.zip
MSDRG,768,MDC,14,member-of,exact,https://www.cms.gov/files/zip/fy2026-ipps-fr-table-5.zip
MSDRG,769,MDC,14,member-of,exact,https://www.cms.gov/files/zip/fy2026-ipps-fr-table-5.zip
MSDRG,770,MDC,14,member-of,exact,https://www.cms.gov/files/zip/fy2026-ipps-fr-table-5.zip
MSDRG,776,MDC,14,member-of,exact,https://www.cms.gov/files/zip/fy2026-ipps-fr-table-5.zip
MSDRG,779,MDC,14,member-of,exact,https://www.cms.gov/files/zip/fy2026-ipps-fr-table-5.zip
MSDRG,783,MDC,14,member-of,exact,https://www.cms.gov/files/zip/fy2026-ipps-fr-table-5.zip
MSDRG,784,MDC,14,member-of,exact,https://www.cms.gov/files/zip/fy2026-ipps-fr-table-5.zip
MSDRG,785,MDC,14,member-of,exact,https://www.cms.gov/files/zip/fy2026-ipps-fr-table-5.zip
MSDRG,786,MDC,14,member-of,exact,https://www.cms.gov/files/zip/fy2026-ipps-fr-table-5.zip
MSDRG,787,MDC,14,member-of,exact,https://www.cms.gov/files/zip/fy2026-ipps-fr-table-5.zip
MSDRG,788,MDC,14,member-of,exact,https://www.cms.gov/files/zip/fy2026-ipps-fr-table-5.zip
MSDRG,789,MDC,15,member-of,exact,https://www.cms.gov/files/zip/fy2026-ipps-fr-table-5.zip
MSDRG,790,MDC,15,member-of,exact,https://www.cms.gov/files/zip/fy2026-ipps-fr-table-5.zip
MSDRG,791,MDC,15,member-of,exact,https://www.cms.gov/files/zip/fy2026-ipps-fr-table-5.zip
MSDRG,792,MDC,15,member-of,exact,https://www.cms.gov/files/zip/fy2026-ipps-fr-table-5.zip
MSDRG,793,MDC,15,member-of,exact,https://www.cms.gov/files/zip/fy2026-ipps-fr-table-5.zip
MSDRG,794,MDC,15,member-of,exact,https://www.cms.gov/files/zip/fy2026-ipps-fr-table-5.zip
MSDRG,795,MDC,15,member-of,exact,https://www.cms.gov/files/zip/fy2026-ipps-fr-table-5.zip
MSDRG,796,MDC,14,member-of,exact,https://www.cms.gov/files/zip/fy2026-ipps-fr-table-5.zip
MSDRG,797,MDC,14,member-of,exact,https://www.cms.gov/files/zip/fy2026-ipps-fr-table-5.zip
MSDRG,798,MDC,14,member-of,exact,https://www.cms.gov/files/zip/fy2026-ipps-fr-table-5.zip
MSDRG,799,MDC,16,member-of,exact,https://www.cms.gov/files/zip/fy2026-ipps-fr-table-5.zip
MSDRG,800,MDC,16,member-of,exact,https://www.cms.gov/files/zip/fy2026-ipps-fr-table-5.zip
MSDRG,801,MDC,16,member-of,exact,https://www.cms.gov/files/zip/fy2026-ipps-fr-table-5.zip
MSDRG,802,MDC,16,member-of,exact,https://www.cms.gov/files/zip/fy2026-ipps-fr-table-5.zip
MSDRG,803,MDC,16,member-of,exact,https://www.cms.gov/files/zip/fy2026-ipps-fr-table-5.zip
MSDRG,804,MDC,16,member-of,exact,https://www.cms.gov/files/zip/fy2026-ipps-fr-table-5.zip
MSDRG,805,MDC,14,member-of,exact,https://www.cms.gov/files/zip/fy2026-ipps-fr-table-5.zip
MSDRG,806,MDC,14,member-of,exact,https://www.cms.gov/files/zip/fy2026-ipps-fr-table-5.zip
MSDRG,807,MDC,14,member-of,exact,https://www.cms.gov/files/zip/fy2026-ipps-fr-table-5.zip
MSDRG,808,MDC,16,member-of,exact,https://www.cms.gov/files/zip/fy2026-ipps-fr-table-5.zip
MSDRG,809,MDC,16,member-of,exact,https://www.cms.gov/files/zip/fy2026-ipps-fr-table-5.zip
MSDRG,810,MDC,16,member-of,exact,https://www.cms.gov/files/zip/fy2026-ipps-fr-table-5.zip
MSDRG,811,MDC,16,member-of,exact,https://www.cms.gov/files/zip/fy2026-ipps-fr-table-5.zip
MSDRG,812,MDC,16,member-of,exact,https://www.cms.gov/files/zip/fy2026-ipps-fr-table-5.zip
MSDRG,813,MDC,16,member-of,exact,https://www.cms.gov/files/zip/fy2026-ipps-fr-table-5.zip
MSDRG,814,MDC,16,member-of,exact,https://www.cms.gov/files/zip/fy2026-ipps-fr-table-5.zip
MSDRG,815,MDC,16,member-of,exact,https://www.cms.gov/files/zip/fy2026-ipps-fr-table-5.zip
MSDRG,816,MDC,16,member-of,exact,https://www.cms.gov/files/zip/fy2026-ipps-fr-table-5.zip
MSDRG,817,MDC,14,member-of,exact,https://www.cms.gov/files/zip/fy2026-ipps-fr-table-5.zip
MSDRG,818,MDC,14,member-of,exact,https://www.cms.gov/files/zip/fy2026-ipps-fr-table-5.zip
MSDRG,819,MDC,14,member-of,exact,https://www.cms.gov/files/zip/fy2026-ipps-fr-table-5.zip
MSDRG,820,MDC,17,member-of,exact,https://www.cms.gov/files/zip/fy2026-ipps-fr-table-5.zip
MSDRG,821,MDC,17,member-of,exact,https://www.cms.gov/files/zip/fy2026-ipps-fr-table-5.zip
MSDRG,822,MDC,17,member-of,exact,https://www.cms.gov/files/zip/fy2026-ipps-fr-table-5.zip
MSDRG,823,MDC,17,member-of,exact,https://www.cms.gov/files/zip/fy2026-ipps-fr-table-5.zip
MSDRG,824,MDC,17,member-of,exact,https://www.cms.gov/files/zip/fy2026-ipps-fr-table-5.zip
MSDRG,825,MDC,17,member-of,exact,https://www.cms.gov/files/zip/fy2026-ipps-fr-table-5.zip
MSDRG,826,MDC,17,member-of,exact,https://www.cms.gov/files/zip/fy2026-ipps-fr-table-5.zip
MSDRG,827,MDC,17,member-of,exact,https://www.cms.gov/files/zip/fy2026-ipps-fr-table-5.zip
MSDRG,828,MDC,17,member-of,exact,https://www.cms.gov/files/zip/fy2026-ipps-fr-table-5.zip
MSDRG,829,MDC,17,member-of,exact,https://www.cms.gov/files/zip/fy2026-ipps-fr-table-5.zip
MSDRG,830,MDC,17,member-of,exact,https://www.cms.gov/files/zip/fy2026-ipps-fr-table-5.zip
MSDRG,831,MDC,14,member-of,exact,https://www.cms.gov/files/zip/fy2026-ipps-fr-table-5.zip
MSDRG,832,MDC,14,member-of,exact,https://www.cms.gov/files/zip/fy2026-ipps-fr-table-5.zip
MSDRG,833,MDC,14,member-of,exact,https://www.cms.gov/files/zip/fy2026-ipps-fr-table-5.zip
MSDRG,834,MDC,17,member-of,exact,https://www.cms.gov/files/zip/fy2026-ipps-fr-table-5.zip
MSDRG,835,MDC,17,member-of,exact,https://www.cms.gov/files/zip/fy2026-ipps-fr-table-5.zip
MSDRG,836,MDC,17,member-of,exact,https://www.cms.gov/files/zip/fy2026-ipps-fr-table-5.zip
MSDRG,837,MDC,17,member-of,exact,https://www.cms.gov/files/zip/fy2026-ipps-fr-table-5.zip
MSDRG,838,MDC,17,member-of,exact,https://www.cms.gov/files/zip/fy2026-ipps-fr-table-5.zip
MSDRG,839,MDC,17,member-of,exact,https://www.cms.gov/files/zip/fy2026-ipps-fr-table-5.zip
MSDRG,840,MDC,17,member-of,exact,https://www.cms.gov/files/zip/fy2026-ipps-fr-table-5.zip
MSDRG,841,MDC,17,member-of,exact,https://www.cms.gov/files/zip/fy2026-ipps-fr-table-5.zip
MSDRG,842,MDC,17,member-of,exact,https://www.cms.gov/files/zip/fy2026-ipps-fr-table-5.zip
MSDRG,843,MDC,17,member-of,exact,https://www.cms.gov/files/zip/fy2026-ipps-fr-table-5.zip
MSDRG,844,MDC,17,member-of,exact,https://www.cms.gov/files/zip/fy2026-ipps-fr-table-5.zip
MSDRG,845,MDC,17,member-of,exact,https://www.cms.gov/files/zip/fy2026-ipps-fr-table-5.zip
MSDRG,846,MDC,17,member-of,exact,https://www.cms.gov/files/zip/fy2026-ipps-fr-table-5.zip
MSDRG,847,MDC,17,member-of,exact,https://www.cms.gov/files/zip/fy2026-ipps-fr-table-5.zip
MSDRG,848,MDC,17,member-of,exact,https://www.cms.gov/files/zip/fy2026-ipps-fr-table-5.zip
MSDRG,849,MDC,17,member-of,exact,https://www.cms.gov/files/zip/fy2026-ipps-fr-table-5.zip
MSDRG,850,MDC,17,member-of,exact,https://www.cms.gov/files/zip/fy2026-ipps-fr-table-5.zip
MSDRG,853,MDC,18,member-of,exact,https://www.cms.gov/files/zip/fy2026-ipps-fr-table-5.zip
MSDRG,854,MDC,18,member-of,exact,https://www.cms.gov/files/zip/fy2026-ipps-fr-table-5.zip
MSDRG,855,MDC,18,member-of,exact,https://www.cms.gov/files/zip/fy2026-ipps-fr-table-5.zip
MSDRG,856,MDC,18,member-of,exact,https://www.cms.gov/files/zip/fy2026-ipps-fr-table-5.zip
MSDRG,857,MDC,18,member-of,exact,https://www.cms.gov/files/zip/fy2026-ipps-fr-table-5.zip
MSDRG,858,MDC,18,member-of,exact,https://www.cms.gov/files/zip/fy2026-ipps-fr-table-5.zip
MSDRG,862,MDC,18,member-of,exact,https://www.cms.gov/files/zip/fy2026-ipps-fr-table-5.zip
MSDRG,863,MDC,18,member-of,exact,https://www.cms.gov/files/zip/fy2026-ipps-fr-table-5.zip
MSDRG,864,MDC,18,member-of,exact,https://www.cms.gov/files/zip/fy2026-ipps-fr-table-5.zip
MSDRG,865,MDC,18,member-of,exact,https://www.cms.gov/files/zip/fy2026-ipps-fr-table-5.zip
MSDRG,866,MDC,18,member-of,exact,https://www.cms.gov/files/zip/fy2026-ipps-fr-table-5.zip
MSDRG,867,MDC,18,member-of,exact,https://www.cms.gov/files/zip/fy2026-ipps-fr-table-5.zip
MSDRG,868,MDC,18,member-of,exact,https://www.cms.gov/files/zip/fy2026-ipps-fr-table-5.zip
MSDRG,869,MDC,18,member-of,exact,https://www.cms.gov/files/zip/fy2026-ipps-fr-table-5.zip
MSDRG,870,MDC,18,member-of,exact,https://www.cms.gov/files/zip/fy2026-ipps-fr-table-5.zip
MSDRG,871,MDC,18,member-of,exact,https://www.cms.gov/files/zip/fy2026-ipps-fr-table-5.zip
MSDRG,872,MDC,18,member-of,exact,https://www.cms.gov/files/zip/fy2026-ipps-fr-table-5.zip
MSDRG,876,MDC,19,member-of,exact,https://www.cms.gov/files/zip/fy2026-ipps-fr-table-5.zip
MSDRG,880,MDC,19,member-of,exact,https://www.cms.gov/files/zip/fy2026-ipps-fr-table-5.zip
MSDRG,881,MDC,19,member-of,exact,https://www.cms.gov/files/zip/fy2026-ipps-fr-table-5.zip
MSDRG,882,MDC,19,member-of,exact,https://www.cms.gov/files/zip/fy2026-ipps-fr-table-5.zip
MSDRG,883,MDC,19,member-of,exact,https://www.cms.gov/files/zip/fy2026-ipps-fr-table-5.zip
MSDRG,884,MDC,19,member-of,exact,https://www.cms.gov/files/zip/fy2026-ipps-fr-table-5.zip
MSDRG,885,MDC,19,member-of,exact,https://www.cms.gov/files/zip/fy2026-ipps-fr-table-5.zip
MSDRG,886,MDC,19,member-of,exact,https://www.cms.gov/files/zip/fy2026-ipps-fr-table-5.zip
MSDRG,887,MDC,19,member-of,exact,https://www.cms.gov/files/zip/fy2026-ipps-fr-table-5.zip
MSDRG,894,MDC,20,member-of,exact,https://www.cms.gov/files/zip/fy2026-ipps-fr-table-5.zip
MSDRG,895,MDC,20,member-of,exact,https://www.cms.gov/files/zip/fy2026-ipps-fr-table-5.zip
MSDRG,896,MDC,20,member-of,exact,https://www.cms.gov/files/zip/fy2026-ipps-fr-table-5.zip
MSDRG,897,MDC,20,member-of,exact,https://www.cms.gov/files/zip/fy2026-ipps-fr-table-5.zip
MSDRG,901,MDC,21,member-of,exact,https://www.cms.gov/files/zip/fy2026-ipps-fr-table-5.zip
MSDRG,902,MDC,21,member-of,exact,https://www.cms.gov/files/zip/fy2026-ipps-fr-table-5.zip
MSDRG,903,MDC,21,member-of,exact,https://www.cms.gov/files/zip/fy2026-ipps-fr-table-5.zip
MSDRG,904,MDC,21,member-of,exact,https://www.cms.gov/files/zip/fy2026-ipps-fr-table-5.zip
MSDRG,905,MDC,21,member-of,exact,https://www.cms.gov/files/zip/fy2026-ipps-fr-table-5.zip
MSDRG,906,MDC,21,member-of,exact,https://www.cms.gov/files/zip/fy2026-ipps-fr-table-5.zip
MSDRG,907,MDC,21,member-of,exact,https://www.cms.gov/files/zip/fy2026-ipps-fr-table-5.zip
MSDRG,908,MDC,21,member-of,exact,https://www.cms.gov/files/zip/fy2026-ipps-fr-table-5.zip
MSDRG,909,MDC,21,member-of,exact,https://www.cms.gov/files/zip/fy2026-ipps-fr-table-5.zip
MSDRG,913,MDC,21,member-of,exact,https://www.cms.gov/files/zip/fy2026-ipps-fr-table-5.zip
MSDRG,914,MDC,21,member-of,exact,https://www.cms.gov/files/zip/fy2026-ipps-fr-table-5.zip
MSDRG,915,MDC,21,member-of,exact,https://www.cms.gov/files/zip/fy2026-ipps-fr-table-5.zip
MSDRG,916,MDC,21,member-of,exact,https://www.cms.gov/files/zip/fy2026-ipps-fr-table-5.zip
MSDRG,917,MDC,21,member-of,exact,https://www.cms.gov/files/zip/fy2026-ipps-fr-table-5.zip
MSDRG,918,MDC,21,member-of,exact,https://www.cms.gov/files/zip/fy2026-ipps-fr-table-5.zip
MSDRG,919,MDC,21,member-of,exact,https://www.cms.gov/files/zip/fy2026-ipps-fr-table-5.zip
MSDRG,920,MDC,21,member-of,exact,https://www.cms.gov/files/zip/fy2026-ipps-fr-table-5.zip
MSDRG,921,MDC,21,member-of,exact,https://www.cms.gov/files/zip/fy2026-ipps-fr-table-5.zip
MSDRG,922,MDC,21,member-of,exact,https://www.cms.gov/files/zip/fy2026-ipps-fr-table-5.zip
MSDRG,923,MDC,21,member-of,exact,https://www.cms.gov/files/zip/fy2026-ipps-fr-table-5.zip
MSDRG,927,MDC,22,member-of,exact,https://www.cms.gov/files/zip/fy2026-ipps-fr-table-5.zip
MSDRG,928,MDC,22,member-of,exact,https://www.cms.gov/files/zip/fy2026-ipps-fr-table-5.zip
MSDRG,929,MDC,22,member-of,exact,https://www.cms.gov/files/zip/fy2026-ipps-fr-table-5.zip
MSDRG,933,MDC,22,member-of,exact,https://www.cms.gov/files/zip/fy2026-ipps-fr-table-5.zip
MSDRG,934,MDC,22,member-of,exact,https://www.cms.gov/files/zip/fy2026-ipps-fr-table-5.zip
MSDRG,935,MDC,22,member-of,exact,https://www.cms.gov/files/zip/fy2026-ipps-fr-table-5.zip
MSDRG,939,MDC,23,member-of,exact,https://www.cms.gov/files/zip/fy2026-ipps-fr-table-5.zip
MSDRG,940,MDC,23,member-of,exact,https://www.cms.gov/files/zip/fy2026-ipps-fr-table-5.zip
MSDRG,941,MDC,23,member-of,exact,https://www.cms.gov/files/zip/fy2026-ipps-fr-table-5.zip
MSDRG,945,MDC,23,member-of,exact,https://www.cms.gov/files/zip/fy2026-ipps-fr-table-5.zip
MSDRG,946,MDC,23,member-of,exact,https://www.cms.gov/files/zip/fy2026-ipps-fr-table-5.zip
MSDRG,947,MDC,23,member-of,exact,https://www.cms.gov/files/zip/fy2026-ipps-fr-table-5.zip
MSDRG,948,MDC,23,member-of,exact,https://www.cms.gov/files/zip/fy2026-ipps-fr-table-5.zip
MSDRG,949,MDC,23,member-of,exact,https://www.cms.gov/files/zip/fy2026-ipps-fr-table-5.zip
MSDRG,950,MDC,23,member-of,exact,https://www.cms.gov/files/zip/fy2026-ipps-fr-table-5.zip
MSDRG,951,MDC,23,member-of,exact,https://www.cms.gov/files/zip/fy2026-ipps-fr-table-5.zip
MSDRG,955,MDC,24,member-of,exact,https://www.cms.gov/files/zip/fy2026-ipps-fr-table-5.zip
MSDRG,956,MDC,24,member-of,exact,https://www.cms.gov/files/zip/fy2026-ipps-fr-table-5.zip
MSDRG,957,MDC,24,member-of,exact,https://www.cms.gov/files/zip/fy2026-ipps-fr-table-5.zip
MSDRG,958,MDC,24,member-of,exact,https://www.cms.gov/files/zip/fy2026-ipps-fr-table-5.zip
MSDRG,959,MDC,24,member-of,exact,https://www.cms.gov/files/zip/fy2026-ipps-fr-table-5.zip
MSDRG,963,MDC,24,member-of,exact,https://www.cms.gov/files/zip/fy2026-ipps-fr-table-5.zip
MSDRG,964,MDC,24,member-of,exact,https://www.cms.gov/files/zip/fy2026-ipps-fr-table-5.zip
MSDRG,965,MDC,24,member-of,exact,https://www.cms.gov/files/zip/fy2026-ipps-fr-table-5.zip
MSDRG,969,MDC,25,member-of,exact,https://www.cms.gov/files/zip/fy2026-ipps-fr-table-5.zip
MSDRG,970,MDC,25,member-of,exact,https://www.cms.gov/files/zip/fy2026-ipps-fr-table-5.zip
MSDRG,974,MDC,25,member-of,exact,https://www.cms.gov/files/zip/fy2026-ipps-fr-table-5.zip
MSDRG,975,MDC,25,member-of,exact,https://www.cms.gov/files/zip/fy2026-ipps-fr-table-5.zip
MSDRG,976,MDC,25,member-of,exact,https://www.cms.gov/files/zip/fy2026-ipps-fr-table-5.zip
MSDRG,977,MDC,25,member-of,exact,https://www.cms.gov/files/zip/fy2026-ipps-fr-table-5.zip
